LCIA method,impact_category
"CML v4.8 2016 - acidification - acidification (incl. fate, average Europe total, A&B)",acidification
CML v4.8 2016 - energy resources: non-renewable - abiotic depletion potential (ADP): fossil fuels,fossil resources
CML v4.8 2016 - eutrophication - eutrophication (fate not incl.),eutrophication
CML v4.8 2016 - material resources: metals/minerals - abiotic depletion potential (ADP): elements (ultimate reserves),metal/mineral resources
CML v4.8 2016 - ozone depletion - ozone layer depletion (ODP steady state),ozone depletion
CML v4.8 2016 - photochemical oxidant formation - photochemical oxidation (high NOx),photochemical oxidant formation
EF v3.1 - acidification - accumulated exceedance (AE),acidification
EF v3.1 - ecotoxicity: freshwater - comparative toxic unit for ecosystems (CTUe),ecotoxicity
EF v3.1 - energy resources: non-renewable - abiotic depletion potential (ADP): fossil fuels,fossil resources
EF v3.1 - eutrophication: freshwater - fraction of nutrients reaching freshwater end compartment (P),eutrophication
EF v3.1 - eutrophication: marine - fraction of nutrients reaching marine end compartment (N),eutrophication
EF v3.1 - eutrophication: terrestrial - accumulated exceedance (AE),eutrophication
EF v3.1 - human toxicity: carcinogenic - comparative toxic unit for human (CTUh),human toxicity
EF v3.1 - human toxicity: non-carcinogenic - comparative toxic unit for human (CTUh),human toxicity
EF v3.1 - ionising radiation: human health - human exposure efficiency relative to u235,ionizing radiation
EF v3.1 - land use - soil quality index,land use
EF v3.1 - material resources: metals/minerals - abiotic depletion potential (ADP): elements (ultimate reserves),metal/mineral resources
EF v3.1 - ozone depletion - ozone depletion potential (ODP),ozone depletion
EF v3.1 - particulate matter formation - impact on human health,particulate matter formation
EF v3.1 - photochemical oxidant formation: human health - tropospheric ozone concentration increase,photochemical oxidant formation
EF v3.1 - water use - user deprivation potential (deprivation-weighted water consumption),water use
"ReCiPe 2016 v1.03, midpoint (H) - acidification: terrestrial - terrestrial acidification potential (TAP)",acidification
"ReCiPe 2016 v1.03, midpoint (H) - ecotoxicity: freshwater - freshwater ecotoxicity potential (FETP)",ecotoxicity
"ReCiPe 2016 v1.03, midpoint (H) - ecotoxicity: marine - marine ecotoxicity potential (METP)",ecotoxicity
"ReCiPe 2016 v1.03, midpoint (H) - ecotoxicity: terrestrial - terrestrial ecotoxicity potential (TETP)",ecotoxicity
"ReCiPe 2016 v1.03, midpoint (H) - energy resources: non-renewable, fossil - fossil fuel potential (FFP)",fossil resources
"ReCiPe 2016 v1.03, midpoint (H) - eutrophication: freshwater - freshwater eutrophication potential (FEP)",eutrophication
"ReCiPe 2016 v1.03, midpoint (H) - eutrophication: marine - marine eutrophication potential (MEP)",eutrophication
"ReCiPe 2016 v1.03, midpoint (H) - human toxicity: carcinogenic - human toxicity potential (HTPc)",human toxicity
"ReCiPe 2016 v1.03, midpoint (H) - human toxicity: non-carcinogenic - human toxicity potential (HTPnc)",human toxicity
"ReCiPe 2016 v1.03, midpoint (H) - ionising radiation - ionising radiation potential (IRP)",ionizing radiation
"ReCiPe 2016 v1.03, midpoint (H) - land use - agricultural land occupation (LOP)",land use
"ReCiPe 2016 v1.03, midpoint (H) - material resources: metals/minerals - surplus ore potential (SOP)",metal/mineral resources
"ReCiPe 2016 v1.03, midpoint (H) - ozone depletion - ozone depletion potential (ODPinfinite)",ozone depletion
"ReCiPe 2016 v1.03, midpoint (H) - particulate matter formation - particulate matter formation potential (PMFP)",particulate matter formation
"ReCiPe 2016 v1.03, midpoint (H) - photochemical oxidant formation: human health - photochemical oxidant formation potential: humans (HOFP)",photochemical oxidant formation
"ReCiPe 2016 v1.03, midpoint (H) - photochemical oxidant formation: terrestrial ecosystems - photochemical oxidant formation potential: ecosystems (EOFP)",photochemical oxidant formation
"ReCiPe 2016 v1.03, midpoint (H) - water use - water consumption potential (WCP)",water use
"IPCC 2021 - climate change - GWP 100a, incl. H and bio CO2",climate change
Eco-costs - Material scarcity - VAR(95),Eco-costs - Material scarcity - VAR(95)
ReCiPe Midpoint (H) V1.13 - agricultural land occupation - ALOP,ReCiPe Midpoint (H) V1.13 - agricultural land occupation - ALOP
ReCiPe Midpoint (H) V1.13 - ozone depletion - ODPinf,ozone depletion
ReCiPe Midpoint (H) V1.13 - terrestrial acidification - TAP100,acidification
ReCiPe Midpoint (H) V1.13 - photochemical oxidant formation - POFP,photochemical oxidant formation
ReCiPe Midpoint (H) V1.13 - metal depletion - MDP,ReCiPe Midpoint (H) V1.13 - metal depletion - MDP
ReCiPe Midpoint (H) V1.13 - water depletion - WDP,ReCiPe Midpoint (H) V1.13 - water depletion - WDP
ReCiPe Midpoint (H) V1.13 - freshwater ecotoxicity - FETPinf,ecotoxicity
ReCiPe Midpoint (H) V1.13 - human toxicity - HTPinf,human toxicity
ReCiPe Midpoint (H) V1.13 - urban land occupation - ULOP,ReCiPe Midpoint (H) V1.13 - urban land occupation - ULOP
ReCiPe Midpoint (H) V1.13 - particulate matter formation - PMFP,particulate matter formation
ReCiPe Midpoint (H) V1.13 - freshwater eutrophication - FEP,eutrophication
ReCiPe Midpoint (H) V1.13 - natural land transformation - NLTP,ReCiPe Midpoint (H) V1.13 - natural land transformation - NLTP
ReCiPe Midpoint (H) V1.13 - marine eutrophication - MEP,eutrophication
ReCiPe Midpoint (H) V1.13 - terrestrial ecotoxicity - TETPinf,ecotoxicity
ReCiPe Midpoint (H) V1.13 - fossil depletion - FDP,ReCiPe Midpoint (H) V1.13 - fossil depletion - FDP
ReCiPe Midpoint (H) V1.13 - ionising radiation - IRP_HE,ionizing radiation
ReCiPe Midpoint (H) V1.13 - marine ecotoxicity - METPinf,ecotoxicity
EDIP 2003 - acidification - acidification,acidification
EDIP 2003 - eutrophication - combined potential,eutrophication
EDIP 2003 - eutrophication - terrestrial eutrophication,eutrophication
EDIP 2003 - photochemical ozone formation - impacts on human health,EDIP 2003 - photochemical ozone formation - impacts on human health
EDIP 2003 - photochemical ozone formation - impacts on vegetation,EDIP 2003 - photochemical ozone formation - impacts on vegetation
IMPACT 2002+ (Endpoint) - ecosystem quality - aquatic ecotoxicity,ecotoxicity
IMPACT 2002+ (Endpoint) - ecosystem quality - land occupation,IMPACT 2002+ (Endpoint) - ecosystem quality - land occupation
IMPACT 2002+ (Endpoint) - ecosystem quality - terrestrial ecotoxicity,ecotoxicity
IMPACT 2002+ (Endpoint) - human health - human toxicity,human toxicity
IMPACT 2002+ (Endpoint) - human health - ionising radiation,ionizing radiation
IMPACT 2002+ (Endpoint) - human health - ozone layer depletion,IMPACT 2002+ (Endpoint) - human health - ozone layer depletion
IMPACT 2002+ (Endpoint) - human health - respiratory effects (inorganics),IMPACT 2002+ (Endpoint) - human health - respiratory effects (inorganics)
IMPACT 2002+ (Endpoint) - resources - mineral extraction,IMPACT 2002+ (Endpoint) - resources - mineral extraction
RELICS - metals extraction - Aluminium,RELICS - metals extraction - Aluminium
RELICS - metals extraction - Antimony,RELICS - metals extraction - Antimony
RELICS - metals extraction - Beryllium,RELICS - metals extraction - Beryllium
RELICS - metals extraction - Boron,RELICS - metals extraction - Boron
RELICS - metals extraction - Cadmium,RELICS - metals extraction - Cadmium
RELICS - metals extraction - Cerium,RELICS - metals extraction - Cerium
RELICS - metals extraction - Chromium,RELICS - metals extraction - Chromium
RELICS - metals extraction - Cobalt,RELICS - metals extraction - Cobalt
RELICS - metals extraction - Copper,RELICS - metals extraction - Copper
RELICS - metals extraction - Dysprosium,RELICS - metals extraction - Dysprosium
RELICS - metals extraction - Erbium,RELICS - metals extraction - Erbium
RELICS - metals extraction - Europium,RELICS - metals extraction - Europium
RELICS - metals extraction - Gadolinium,RELICS - metals extraction - Gadolinium
RELICS - metals extraction - Gallium,RELICS - metals extraction - Gallium
RELICS - metals extraction - Germanium,RELICS - metals extraction - Germanium
RELICS - metals extraction - Gold,RELICS - metals extraction - Gold
RELICS - metals extraction - Graphite,RELICS - metals extraction - Graphite
RELICS - metals extraction - Hafnium,RELICS - metals extraction - Hafnium
RELICS - metals extraction - Indium,RELICS - metals extraction - Indium
RELICS - metals extraction - Iridium,RELICS - metals extraction - Iridium
RELICS - metals extraction - Lanthanum,RELICS - metals extraction - Lanthanum
RELICS - metals extraction - Lead,RELICS - metals extraction - Lead
RELICS - metals extraction - Lithium,RELICS - metals extraction - Lithium
RELICS - metals extraction - Magnesium,RELICS - metals extraction - Magnesium
RELICS - metals extraction - Manganese,RELICS - metals extraction - Manganese
RELICS - metals extraction - Molybdenum,RELICS - metals extraction - Molybdenum
RELICS - metals extraction - Neodymium,RELICS - metals extraction - Neodymium
RELICS - metals extraction - Nickel,RELICS - metals extraction - Nickel
RELICS - metals extraction - Niobium,RELICS - metals extraction - Niobium
RELICS - metals extraction - Palladium,RELICS - metals extraction - Palladium
RELICS - metals extraction - Platinum,RELICS - metals extraction - Platinum
RELICS - metals extraction - Potassium,RELICS - metals extraction - Potassium
RELICS - metals extraction - Praseodymium,RELICS - metals extraction - Praseodymium
RELICS - metals extraction - Rhenium,RELICS - metals extraction - Rhenium
RELICS - metals extraction - Rhodium,RELICS - metals extraction - Rhodium
RELICS - metals extraction - Ruthenium,RELICS - metals extraction - Ruthenium
RELICS - metals extraction - Samarium,RELICS - metals extraction - Samarium
RELICS - metals extraction - Scandium,RELICS - metals extraction - Scandium
RELICS - metals extraction - Selenium,RELICS - metals extraction - Selenium
RELICS - metals extraction - Silicon,RELICS - metals extraction - Silicon
RELICS - metals extraction - Silver,RELICS - metals extraction - Silver
RELICS - metals extraction - Sulfur,RELICS - metals extraction - Sulfur
RELICS - metals extraction - Strontium,RELICS - metals extraction - Strontium
RELICS - metals extraction - Tantalum,RELICS - metals extraction - Tantalum
RELICS - metals extraction - Tellurium,RELICS - metals extraction - Tellurium
RELICS - metals extraction - Terbium,RELICS - metals extraction - Terbium
RELICS - metals extraction - Tin,RELICS - metals extraction - Tin
RELICS - metals extraction - Titanium,RELICS - metals extraction - Titanium
RELICS - metals extraction - Tungsten,RELICS - metals extraction - Tungsten
RELICS - metals extraction - Vanadium,RELICS - metals extraction - Vanadium
RELICS - metals extraction - Ytterbium,RELICS - metals extraction - Ytterbium
RELICS - metals extraction - Yttrium,RELICS - metals extraction - Yttrium
RELICS - metals extraction - Zinc,RELICS - metals extraction - Zinc
RELICS - metals extraction - Zirconium,RELICS - metals extraction - Zirconium
"CML v4.8 2016 no LT - acidification no LT - acidification (incl. fate, average Europe total, A&B) no LT",acidification
CML v4.8 2016 no LT - climate change no LT - global warming potential (GWP100) no LT,climate change
CML v4.8 2016 no LT - ecotoxicity: freshwater no LT - freshwater aquatic ecotoxicity (FAETP inf) no LT,ecotoxicity
CML v4.8 2016 no LT - ecotoxicity: marine no LT - marine aquatic ecotoxicity (MAETP inf) no LT,ecotoxicity
CML v4.8 2016 no LT - ecotoxicity: terrestrial no LT - terrestrial ecotoxicity (TETP inf) no LT,ecotoxicity
CML v4.8 2016 no LT - energy resources: non-renewable no LT - abiotic depletion potential (ADP): fossil fuels no LT,fossil resources
CML v4.8 2016 no LT - eutrophication no LT - eutrophication (fate not incl.) no LT,eutrophication
CML v4.8 2016 no LT - human toxicity no LT - human toxicity (HTP inf) no LT,human toxicity
CML v4.8 2016 no LT - material resources: metals/minerals no LT - abiotic depletion potential (ADP): elements (ultimate reserves) no LT,metal/mineral resources
CML v4.8 2016 no LT - ozone depletion no LT - ozone layer depletion (ODP steady state) no LT,ozone depletion
CML v4.8 2016 no LT - photochemical oxidant formation no LT - photochemical oxidation (high NOx) no LT,photochemical oxidant formation
CML v4.8 2016 - climate change - global warming potential (GWP100),climate change
CML v4.8 2016 - ecotoxicity: freshwater - freshwater aquatic ecotoxicity (FAETP inf),ecotoxicity
CML v4.8 2016 - ecotoxicity: marine - marine aquatic ecotoxicity (MAETP inf),ecotoxicity
CML v4.8 2016 - ecotoxicity: terrestrial - terrestrial ecotoxicity (TETP inf),ecotoxicity
CML v4.8 2016 - human toxicity - human toxicity (HTP inf),human toxicity
Crustal Scarcity Indicator 2020 - material resources: metals/minerals - crustal scarcity potential (CSP),metal/mineral resources
Cumulative Energy Demand (CED) - energy resources: non-renewable - energy content (HHV),fossil resources
"Cumulative Energy Demand (CED) - energy resources: non-renewable, biomass - energy content (HHV)",fossil resources
"Cumulative Energy Demand (CED) - energy resources: non-renewable, fossil - energy content (HHV)",fossil resources
"Cumulative Energy Demand (CED) - energy resources: non-renewable, nuclear - energy content (HHV)",fossil resources
Cumulative Energy Demand (CED) - energy resources: renewable - energy content (HHV),fossil resources
"Cumulative Energy Demand (CED) - energy resources: renewable, biomass - energy content (HHV)",fossil resources
"Cumulative Energy Demand (CED) - energy resources: renewable, geothermal - energy content (HHV)",fossil resources
"Cumulative Energy Demand (CED) - energy resources: renewable, geothermal, solar, wind - energy content (HHV)",fossil resources
"Cumulative Energy Demand (CED) - energy resources: renewable, solar - energy content (HHV)",fossil resources
"Cumulative Energy Demand (CED) - energy resources: renewable, water - energy content (HHV)",fossil resources
"Cumulative Energy Demand (CED) - energy resources: renewable, wind - energy content (HHV)",fossil resources
Cumulative Energy Demand (CED) - total - energy content (HHV),Cumulative Energy Demand (CED) - total - energy content (HHV)
Cumulative Exergy Demand (CExD) - energy resources: non-renewable - exergy content,fossil resources
"Cumulative Exergy Demand (CExD) - energy resources: non-renewable, biomass - exergy content",fossil resources
"Cumulative Exergy Demand (CExD) - energy resources: non-renewable, fossil - exergy content",fossil resources
"Cumulative Exergy Demand (CExD) - energy resources: non-renewable, nuclear - exergy content",fossil resources
Cumulative Exergy Demand (CExD) - energy resources: renewable - exergy content,fossil resources
"Cumulative Exergy Demand (CExD) - energy resources: renewable, biomass - exergy content",fossil resources
"Cumulative Exergy Demand (CExD) - energy resources: renewable, solar - exergy content",fossil resources
"Cumulative Exergy Demand (CExD) - energy resources: renewable, water - exergy content",fossil resources
"Cumulative Exergy Demand (CExD) - energy resources: renewable, wind - exergy content",fossil resources
Cumulative Exergy Demand (CExD) - material resources - exergy content,Cumulative Exergy Demand (CExD) - material resources - exergy content
Cumulative Exergy Demand (CExD) - material resources: metals - exergy content,Cumulative Exergy Demand (CExD) - material resources: metals - exergy content
Cumulative Exergy Demand (CExD) - material resources: minerals - exergy content,Cumulative Exergy Demand (CExD) - material resources: minerals - exergy content
Cumulative Exergy Demand (CExD) - material resources: water - exergy content,Cumulative Exergy Demand (CExD) - material resources: water - exergy content
Cumulative Exergy Demand (CExD) - total - exergy content,Cumulative Exergy Demand (CExD) - total - exergy content
Ecological Footprint - CO2 - global hectares,Ecological Footprint - CO2 - global hectares
Ecological Footprint - land occupation - global hectares,Ecological Footprint - land occupation - global hectares
Ecological Footprint - nuclear - global hectares,Ecological Footprint - nuclear - global hectares
Ecological Footprint - total - global hectares,Ecological Footprint - total - global hectares
Ecological Scarcity 2021 no LT - climate change no LT - global warming potential (GWP100) no LT,climate change
Ecological Scarcity 2021 no LT - emissions to air no LT - air pollutants and PM no LT,Ecological Scarcity 2021 no LT - emissions to air no LT - air pollutants and PM no LT
Ecological Scarcity 2021 no LT - emissions to air no LT - carcinogenic substances into air no LT,Ecological Scarcity 2021 no LT - emissions to air no LT - carcinogenic substances into air no LT
Ecological Scarcity 2021 no LT - emissions to air no LT - heavy metals into air no LT,Ecological Scarcity 2021 no LT - emissions to air no LT - heavy metals into air no LT
Ecological Scarcity 2021 no LT - emissions to air no LT - radioactive substances into air no LT,Ecological Scarcity 2021 no LT - emissions to air no LT - radioactive substances into air no LT
Ecological Scarcity 2021 no LT - emissions to soil no LT - heavy metals into soil no LT,Ecological Scarcity 2021 no LT - emissions to soil no LT - heavy metals into soil no LT
Ecological Scarcity 2021 no LT - emissions to soil no LT - pesticides into soil no LT,Ecological Scarcity 2021 no LT - emissions to soil no LT - pesticides into soil no LT
Ecological Scarcity 2021 no LT - emissions to water no LT - heavy metals into water no LT,Ecological Scarcity 2021 no LT - emissions to water no LT - heavy metals into water no LT
Ecological Scarcity 2021 no LT - emissions to water no LT - POP into water no LT,Ecological Scarcity 2021 no LT - emissions to water no LT - POP into water no LT
Ecological Scarcity 2021 no LT - emissions to water no LT - radioactive substances into water no LT,Ecological Scarcity 2021 no LT - emissions to water no LT - radioactive substances into water no LT
Ecological Scarcity 2021 no LT - emissions to water no LT - water pollutants no LT,Ecological Scarcity 2021 no LT - emissions to water no LT - water pollutants no LT
Ecological Scarcity 2021 no LT - energy resources no LT - energy resources no LT,fossil resources
Ecological Scarcity 2021 no LT - land use no LT - land use no LT,land use
Ecological Scarcity 2021 no LT - mineral resources no LT - mineral resources no LT,Ecological Scarcity 2021 no LT - mineral resources no LT - mineral resources no LT
Ecological Scarcity 2021 no LT - natural resources no LT - biotic resources no LT,Ecological Scarcity 2021 no LT - natural resources no LT - biotic resources no LT
Ecological Scarcity 2021 no LT - ozone depletion no LT - ozone depletion no LT,ozone depletion
Ecological Scarcity 2021 no LT - total no LT - UBP no LT,Ecological Scarcity 2021 no LT - total no LT - UBP no LT
Ecological Scarcity 2021 no LT - waste disposal no LT - radioactive waste to deposit no LT,Ecological Scarcity 2021 no LT - waste disposal no LT - radioactive waste to deposit no LT
"Ecological Scarcity 2021 no LT - waste disposal no LT - waste, non radioactive no LT","Ecological Scarcity 2021 no LT - waste disposal no LT - waste, non radioactive no LT"
"Ecological Scarcity 2021 no LT - water use no LT - water resources, evaporated no LT",water use
Ecological Scarcity 2021 - climate change - global warming potential (GWP100),climate change
Ecological Scarcity 2021 - emissions to air - air pollutants and PM,Ecological Scarcity 2021 - emissions to air - air pollutants and PM
Ecological Scarcity 2021 - emissions to air - carcinogenic substances into air,Ecological Scarcity 2021 - emissions to air - carcinogenic substances into air
Ecological Scarcity 2021 - emissions to air - heavy metals into air,Ecological Scarcity 2021 - emissions to air - heavy metals into air
Ecological Scarcity 2021 - emissions to air - radioactive substances into air,Ecological Scarcity 2021 - emissions to air - radioactive substances into air
Ecological Scarcity 2021 - emissions to soil - heavy metals into soil,Ecological Scarcity 2021 - emissions to soil - heavy metals into soil
Ecological Scarcity 2021 - emissions to soil - pesticides into soil,Ecological Scarcity 2021 - emissions to soil - pesticides into soil
Ecological Scarcity 2021 - emissions to water - heavy metals into water,Ecological Scarcity 2021 - emissions to water - heavy metals into water
Ecological Scarcity 2021 - emissions to water - POP into water,Ecological Scarcity 2021 - emissions to water - POP into water
Ecological Scarcity 2021 - emissions to water - radioactive substances into water,Ecological Scarcity 2021 - emissions to water - radioactive substances into water
Ecological Scarcity 2021 - emissions to water - water pollutants,Ecological Scarcity 2021 - emissions to water - water pollutants
Ecological Scarcity 2021 - energy resources - energy resources,fossil resources
Ecological Scarcity 2021 - land use - land use,land use
Ecological Scarcity 2021 - mineral resources - mineral resources,Ecological Scarcity 2021 - mineral resources - mineral resources
Ecological Scarcity 2021 - natural resources - biotic resources,Ecological Scarcity 2021 - natural resources - biotic resources
Ecological Scarcity 2021 - ozone depletion - ozone depletion,ozone depletion
Ecological Scarcity 2021 - total - UBP,Ecological Scarcity 2021 - total - UBP
Ecological Scarcity 2021 - waste disposal - radioactive waste to deposit,Ecological Scarcity 2021 - waste disposal - radioactive waste to deposit
"Ecological Scarcity 2021 - waste disposal - waste, non radioactive","Ecological Scarcity 2021 - waste disposal - waste, non radioactive"
"Ecological Scarcity 2021 - water use - water resources, evaporated",water use
Ecosystem Damage Potential - land occupation - ecosystem damage potential,Ecosystem Damage Potential - land occupation - ecosystem damage potential
Ecosystem Damage Potential - land transformation - ecosystem damage potential,Ecosystem Damage Potential - land transformation - ecosystem damage potential
Ecosystem Damage Potential - total - ecosystem damage potential,Ecosystem Damage Potential - total - ecosystem damage potential
EF v3.0 no LT - acidification no LT - accumulated exceedance (AE) no LT,acidification
EF v3.0 no LT - climate change no LT - global warming potential (GWP100) no LT,climate change
EF v3.0 no LT - climate change: biogenic no LT - global warming potential (GWP100) no LT,climate change
EF v3.0 no LT - climate change: fossil no LT - global warming potential (GWP100) no LT,climate change
EF v3.0 no LT - climate change: land use and land use change no LT - global warming potential (GWP100) no LT,
EF v3.0 no LT - ecotoxicity: freshwater no LT - comparative toxic unit for ecosystems (CTUe) no LT,ecotoxicity
"EF v3.0 no LT - ecotoxicity: freshwater, inorganics no LT - comparative toxic unit for ecosystems (CTUe) no LT",ecotoxicity
"EF v3.0 no LT - ecotoxicity: freshwater, metals no LT - comparative toxic unit for ecosystems (CTUe) no LT",ecotoxicity
"EF v3.0 no LT - ecotoxicity: freshwater, organics no LT - comparative toxic unit for ecosystems (CTUe) no LT",ecotoxicity
EF v3.0 no LT - energy resources: non-renewable no LT - abiotic depletion potential (ADP): fossil fuels no LT,fossil resources
EF v3.0 no LT - eutrophication: freshwater no LT - fraction of nutrients reaching freshwater end compartment (P) no LT,eutrophication
EF v3.0 no LT - eutrophication: marine no LT - fraction of nutrients reaching marine end compartment (N) no LT,eutrophication
EF v3.0 no LT - eutrophication: terrestrial no LT - accumulated exceedance (AE) no LT,eutrophication
EF v3.0 no LT - human toxicity: carcinogenic no LT - comparative toxic unit for human (CTUh) no LT,human toxicity
"EF v3.0 no LT - human toxicity: carcinogenic, inorganics no LT - comparative toxic unit for human (CTUh) no LT",human toxicity
"EF v3.0 no LT - human toxicity: carcinogenic, metals no LT - comparative toxic unit for human (CTUh) no LT",human toxicity
"EF v3.0 no LT - human toxicity: carcinogenic, organics no LT - comparative toxic unit for human (CTUh) no LT",human toxicity
EF v3.0 no LT - human toxicity: non-carcinogenic no LT - comparative toxic unit for human (CTUh) no LT,human toxicity
"EF v3.0 no LT - human toxicity: non-carcinogenic, inorganics no LT - comparative toxic unit for human (CTUh) no LT",human toxicity
"EF v3.0 no LT - human toxicity: non-carcinogenic, metals no LT - comparative toxic unit for human (CTUh) no LT",human toxicity
"EF v3.0 no LT - human toxicity: non-carcinogenic, organics no LT - comparative toxic unit for human (CTUh) no LT",human toxicity
EF v3.0 no LT - ionising radiation: human health no LT - human exposure efficiency relative to u235 no LT,ionizing radiation
EF v3.0 no LT - land use no LT - soil quality index no LT,land use
EF v3.0 no LT - material resources: metals/minerals no LT - abiotic depletion potential (ADP): elements (ultimate reserves) no LT,metal/mineral resources
EF v3.0 no LT - ozone depletion no LT - ozone depletion potential (ODP) no LT,ozone depletion
EF v3.0 no LT - particulate matter formation no LT - impact on human health no LT,particulate matter formation
EF v3.0 no LT - photochemical oxidant formation: human health no LT - tropospheric ozone concentration increase no LT,photochemical oxidant formation
EF v3.0 no LT - water use no LT - user deprivation potential (deprivation-weighted water consumption) no LT,water use
EF v3.0 - acidification - accumulated exceedance (AE),acidification
EF v3.0 - climate change - global warming potential (GWP100),climate change
EF v3.0 - climate change: biogenic - global warming potential (GWP100),climate change
EF v3.0 - climate change: fossil - global warming potential (GWP100),climate change
EF v3.0 - climate change: land use and land use change - global warming potential (GWP100),
EF v3.0 - ecotoxicity: freshwater - comparative toxic unit for ecosystems (CTUe),ecotoxicity
"EF v3.0 - ecotoxicity: freshwater, inorganics - comparative toxic unit for ecosystems (CTUe)",ecotoxicity
"EF v3.0 - ecotoxicity: freshwater, metals - comparative toxic unit for ecosystems (CTUe)",ecotoxicity
"EF v3.0 - ecotoxicity: freshwater, organics - comparative toxic unit for ecosystems (CTUe)",ecotoxicity
EF v3.0 - energy resources: non-renewable - abiotic depletion potential (ADP): fossil fuels,fossil resources
EF v3.0 - eutrophication: freshwater - fraction of nutrients reaching freshwater end compartment (P),eutrophication
EF v3.0 - eutrophication: marine - fraction of nutrients reaching marine end compartment (N),eutrophication
EF v3.0 - eutrophication: terrestrial - accumulated exceedance (AE),eutrophication
EF v3.0 - human toxicity: carcinogenic - comparative toxic unit for human (CTUh),human toxicity
"EF v3.0 - human toxicity: carcinogenic, inorganics - comparative toxic unit for human (CTUh)",human toxicity
"EF v3.0 - human toxicity: carcinogenic, metals - comparative toxic unit for human (CTUh)",human toxicity
"EF v3.0 - human toxicity: carcinogenic, organics - comparative toxic unit for human (CTUh)",human toxicity
EF v3.0 - human toxicity: non-carcinogenic - comparative toxic unit for human (CTUh),human toxicity
"EF v3.0 - human toxicity: non-carcinogenic, inorganics - comparative toxic unit for human (CTUh)",human toxicity
"EF v3.0 - human toxicity: non-carcinogenic, metals - comparative toxic unit for human (CTUh)",human toxicity
"EF v3.0 - human toxicity: non-carcinogenic, organics - comparative toxic unit for human (CTUh)",human toxicity
EF v3.0 - ionising radiation: human health - human exposure efficiency relative to u235,ionizing radiation
EF v3.0 - land use - soil quality index,land use
EF v3.0 - material resources: metals/minerals - abiotic depletion potential (ADP): elements (ultimate reserves),metal/mineral resources
EF v3.0 - ozone depletion - ozone depletion potential (ODP),ozone depletion
EF v3.0 - particulate matter formation - impact on human health,particulate matter formation
EF v3.0 - photochemical oxidant formation: human health - tropospheric ozone concentration increase,photochemical oxidant formation
EF v3.0 - water use - user deprivation potential (deprivation-weighted water consumption),water use
EF v3.1 no LT - acidification no LT - accumulated exceedance (AE) no LT,acidification
EF v3.1 no LT - climate change no LT - global warming potential (GWP100) no LT,climate change
EF v3.1 no LT - climate change: biogenic no LT - global warming potential (GWP100) no LT,climate change
EF v3.1 no LT - climate change: fossil no LT - global warming potential (GWP100) no LT,climate change
EF v3.1 no LT - climate change: land use and land use change no LT - global warming potential (GWP100) no LT,
EF v3.1 no LT - ecotoxicity: freshwater no LT - comparative toxic unit for ecosystems (CTUe) no LT,ecotoxicity
"EF v3.1 no LT - ecotoxicity: freshwater, inorganics no LT - comparative toxic unit for ecosystems (CTUe) no LT",ecotoxicity
"EF v3.1 no LT - ecotoxicity: freshwater, organics no LT - comparative toxic unit for ecosystems (CTUe) no LT",ecotoxicity
EF v3.1 no LT - energy resources: non-renewable no LT - abiotic depletion potential (ADP): fossil fuels no LT,fossil resources
EF v3.1 no LT - eutrophication: freshwater no LT - fraction of nutrients reaching freshwater end compartment (P) no LT,eutrophication
EF v3.1 no LT - eutrophication: marine no LT - fraction of nutrients reaching marine end compartment (N) no LT,eutrophication
EF v3.1 no LT - eutrophication: terrestrial no LT - accumulated exceedance (AE) no LT,eutrophication
EF v3.1 no LT - human toxicity: carcinogenic no LT - comparative toxic unit for human (CTUh) no LT,human toxicity
"EF v3.1 no LT - human toxicity: carcinogenic, inorganics no LT - comparative toxic unit for human (CTUh) no LT",human toxicity
"EF v3.1 no LT - human toxicity: carcinogenic, organics no LT - comparative toxic unit for human (CTUh) no LT",human toxicity
EF v3.1 no LT - human toxicity: non-carcinogenic no LT - comparative toxic unit for human (CTUh) no LT,human toxicity
"EF v3.1 no LT - human toxicity: non-carcinogenic, inorganics no LT - comparative toxic unit for human (CTUh) no LT",human toxicity
"EF v3.1 no LT - human toxicity: non-carcinogenic, organics no LT - comparative toxic unit for human (CTUh) no LT",human toxicity
EF v3.1 no LT - ionising radiation: human health no LT - human exposure efficiency relative to u235 no LT,ionizing radiation
EF v3.1 no LT - land use no LT - soil quality index no LT,land use
EF v3.1 no LT - material resources: metals/minerals no LT - abiotic depletion potential (ADP): elements (ultimate reserves) no LT,metal/mineral resources
EF v3.1 no LT - ozone depletion no LT - ozone depletion potential (ODP) no LT,ozone depletion
EF v3.1 no LT - particulate matter formation no LT - impact on human health no LT,particulate matter formation
EF v3.1 no LT - photochemical oxidant formation: human health no LT - tropospheric ozone concentration increase no LT,photochemical oxidant formation
EF v3.1 no LT - water use no LT - user deprivation potential (deprivation-weighted water consumption) no LT,water use
EF v3.1 - climate change - global warming potential (GWP100),climate change
EF v3.1 - climate change: biogenic - global warming potential (GWP100),climate change
EF v3.1 - climate change: fossil - global warming potential (GWP100),climate change
EF v3.1 - climate change: land use and land use change - global warming potential (GWP100),
"EF v3.1 - ecotoxicity: freshwater, inorganics - comparative toxic unit for ecosystems (CTUe)",ecotoxicity
"EF v3.1 - ecotoxicity: freshwater, organics - comparative toxic unit for ecosystems (CTUe)",ecotoxicity
"EF v3.1 - human toxicity: carcinogenic, inorganics - comparative toxic unit for human (CTUh)",human toxicity
"EF v3.1 - human toxicity: carcinogenic, organics - comparative toxic unit for human (CTUh)",human toxicity
"EF v3.1 - human toxicity: non-carcinogenic, inorganics - comparative toxic unit for human (CTUh)",human toxicity
"EF v3.1 - human toxicity: non-carcinogenic, organics - comparative toxic unit for human (CTUh)",human toxicity
EPS 2020d no LT - emissions to air no LT - monetary impact value no LT,EPS 2020d no LT - emissions to air no LT - monetary impact value no LT
EPS 2020d no LT - emissions to soil no LT - monetary impact value no LT,EPS 2020d no LT - emissions to soil no LT - monetary impact value no LT
EPS 2020d no LT - emissions to water no LT - monetary impact value no LT,EPS 2020d no LT - emissions to water no LT - monetary impact value no LT
"EPS 2020d no LT - energy resources: non-renewable, fossil no LT - monetary impact value no LT",fossil resources
EPS 2020d no LT - land use no LT - monetary impact value no LT,land use
EPS 2020d no LT - material resources: metals no LT - monetary impact value no LT,EPS 2020d no LT - material resources: metals no LT - monetary impact value no LT
EPS 2020d no LT - total no LT - monetary impact value no LT,EPS 2020d no LT - total no LT - monetary impact value no LT
EPS 2020d - emissions to air - monetary impact value,EPS 2020d - emissions to air - monetary impact value
EPS 2020d - emissions to soil - monetary impact value,EPS 2020d - emissions to soil - monetary impact value
EPS 2020d - emissions to water - monetary impact value,EPS 2020d - emissions to water - monetary impact value
"EPS 2020d - energy resources: non-renewable, fossil - monetary impact value",fossil resources
EPS 2020d - land use - monetary impact value,land use
EPS 2020d - material resources: metals - monetary impact value,EPS 2020d - material resources: metals - monetary impact value
EPS 2020d - total - monetary impact value,EPS 2020d - total - monetary impact value
"IMPACT World+ v2.0.1, footprint version - climate change - carbon footprint",climate change
"IMPACT World+ v2.0.1, footprint version - ecosystem quality - remaining ecosystem quality damage","IMPACT World+ v2.0.1, footprint version - ecosystem quality - remaining ecosystem quality damage"
"IMPACT World+ v2.0.1, footprint version - energy resources: non-renewable - fossil and nuclear energy use",fossil resources
"IMPACT World+ v2.0.1, footprint version - human health - remaining human health damage","IMPACT World+ v2.0.1, footprint version - human health - remaining human health damage"
"IMPACT World+ v2.0.1, footprint version - water use - water scarcity footprint",water use
Inventory results and indicators - resources - total surface occupation,Inventory results and indicators - resources - total surface occupation
Inventory results and indicators - resources - land occupation,Inventory results and indicators - resources - land occupation
Inventory results and indicators - resources - land occupation by flooding,Inventory results and indicators - resources - land occupation by flooding
Inventory results and indicators - resources - seabed occupation,Inventory results and indicators - resources - seabed occupation
Inventory results and indicators - resources - total water extraction,Inventory results and indicators - resources - total water extraction
Inventory results and indicators - resources - total freshwater extraction,Inventory results and indicators - resources - total freshwater extraction
"Inventory results and indicators - resources - freshwater extraction, surface water","Inventory results and indicators - resources - freshwater extraction, surface water"
"Inventory results and indicators - resources - freshwater extraction, groundwater","Inventory results and indicators - resources - freshwater extraction, groundwater"
"Inventory results and indicators - resources - water extraction, saltwater","Inventory results and indicators - resources - water extraction, saltwater"
"Inventory results and indicators - resources - water extraction, undefined","Inventory results and indicators - resources - water extraction, undefined"
Inventory results and indicators - emissions to air - total particulate matter,Inventory results and indicators - emissions to air - total particulate matter
"Inventory results and indicators - emissions to air - particulate matter, < 2.5 um","Inventory results and indicators - emissions to air - particulate matter, < 2.5 um"
"Inventory results and indicators - emissions to air - particulate matter, >2.5 um and <10","Inventory results and indicators - emissions to air - particulate matter, >2.5 um and <10"
Inventory results and indicators - emissions to air - particulate matter >10 um,Inventory results and indicators - emissions to air - particulate matter >10 um
"Inventory results and indicators - emissions to air - carbon dioxide, fossil and land use",land use
Inventory results and indicators - emissions to air - total carbon monoxide,Inventory results and indicators - emissions to air - total carbon monoxide
Inventory results and indicators - emissions to air - total methane,Inventory results and indicators - emissions to air - total methane
"Inventory results and indicators - emissions to air - carbon, non-fossil, fixed","Inventory results and indicators - emissions to air - carbon, non-fossil, fixed"
Inventory results and indicators - emissions to air - NMVOCs,Inventory results and indicators - emissions to air - NMVOCs
Inventory results and indicators - emissions to air - N2O,Inventory results and indicators - emissions to air - N2O
Inventory results and indicators - emissions to air - NOx,Inventory results and indicators - emissions to air - NOx
Inventory results and indicators - emissions to air - SOx,Inventory results and indicators - emissions to air - SOx
Inventory results and indicators - emissions to air - ammonia,Inventory results and indicators - emissions to air - ammonia
Inventory results and indicators - emissions to air - lead,Inventory results and indicators - emissions to air - lead
Inventory results and indicators - emissions to air - photochemical oxidants (including ozone),Inventory results and indicators - emissions to air - photochemical oxidants (including ozone)
Inventory results and indicators - emissions to air - HAPs,Inventory results and indicators - emissions to air - HAPs
Inventory results and indicators - emissions to air - total radioactive emissions,Inventory results and indicators - emissions to air - total radioactive emissions
Inventory results and indicators - emissions to water - total radioactive emissions,Inventory results and indicators - emissions to water - total radioactive emissions
Inventory results and indicators - waste disposal - total area for dump sites,Inventory results and indicators - waste disposal - total area for dump sites
Inventory results and indicators - waste disposal - total volume of underground deposits,Inventory results and indicators - waste disposal - total volume of underground deposits
Inventory results and indicators - waste disposal - total volume of radioactive waste,Inventory results and indicators - waste disposal - total volume of radioactive waste
Inventory results and indicators - waste disposal - total mass of waste,Inventory results and indicators - waste disposal - total mass of waste
Inventory results and indicators - waste disposal - total mass for dump sites,Inventory results and indicators - waste disposal - total mass for dump sites
Inventory results and indicators - waste disposal - total mass for underground deposits,Inventory results and indicators - waste disposal - total mass for underground deposits
Inventory results and indicators - waste disposal - total mass of radioactive waste,Inventory results and indicators - waste disposal - total mass of radioactive waste
IPCC 2013 no LT - climate change no LT - global temperature change potential (GTP100) no LT,climate change
IPCC 2013 no LT - climate change no LT - global temperature change potential (GTP20) no LT,climate change
IPCC 2013 no LT - climate change no LT - global warming potential (GWP100) no LT,climate change
IPCC 2013 no LT - climate change no LT - global warming potential (GWP20) no LT,climate change
IPCC 2013 - climate change - global temperature change potential (GTP100),climate change
IPCC 2013 - climate change - global temperature change potential (GTP20),climate change
IPCC 2013 - climate change - global warming potential (GWP100),climate change
IPCC 2013 - climate change - global warming potential (GWP20),climate change
IPCC 2021 no LT - climate change no LT - global temperature change potential (GTP100) no LT,climate change
IPCC 2021 no LT - climate change no LT - global temperature change potential (GTP50) no LT,climate change
IPCC 2021 no LT - climate change no LT - global warming potential (GWP100) no LT,climate change
IPCC 2021 no LT - climate change no LT - global warming potential (GWP20) no LT,climate change
IPCC 2021 no LT - climate change no LT - global warming potential (GWP500) no LT,climate change
IPCC 2021 no LT - climate change: biogenic no LT - global temperature change potential (GTP100) no LT,climate change
IPCC 2021 no LT - climate change: biogenic no LT - global temperature change potential (GTP50) no LT,climate change
IPCC 2021 no LT - climate change: biogenic no LT - global warming potential (GWP100) no LT,climate change
IPCC 2021 no LT - climate change: biogenic no LT - global warming potential (GWP20) no LT,climate change
IPCC 2021 no LT - climate change: biogenic no LT - global warming potential (GWP500) no LT,climate change
"IPCC 2021 no LT - climate change: biogenic, including SLCFs no LT - global temperature change potential (GTP100) no LT",climate change
"IPCC 2021 no LT - climate change: biogenic, including SLCFs no LT - global warming potential (GWP100) no LT",climate change
"IPCC 2021 no LT - climate change: biogenic, including SLCFs no LT - global warming potential (GWP20) no LT",climate change
IPCC 2021 no LT - climate change: fossil no LT - global temperature change potential (GTP100) no LT,climate change
IPCC 2021 no LT - climate change: fossil no LT - global temperature change potential (GTP50) no LT,climate change
IPCC 2021 no LT - climate change: fossil no LT - global warming potential (GWP100) no LT,climate change
IPCC 2021 no LT - climate change: fossil no LT - global warming potential (GWP20) no LT,climate change
IPCC 2021 no LT - climate change: fossil no LT - global warming potential (GWP500) no LT,climate change
"IPCC 2021 no LT - climate change: fossil, including SLCFs no LT - global temperature change potential (GTP100) no LT",climate change
"IPCC 2021 no LT - climate change: fossil, including SLCFs no LT - global warming potential (GWP100) no LT",climate change
"IPCC 2021 no LT - climate change: fossil, including SLCFs no LT - global warming potential (GWP20) no LT",climate change
IPCC 2021 no LT - climate change: including SLCFs no LT - global temperature change potential (GTP100) no LT,climate change
IPCC 2021 no LT - climate change: including SLCFs no LT - global warming potential (GWP100) no LT,climate change
IPCC 2021 no LT - climate change: including SLCFs no LT - global warming potential (GWP20) no LT,climate change
IPCC 2021 no LT - climate change: land use no LT - global temperature change potential (GTP100) no LT,
IPCC 2021 no LT - climate change: land use no LT - global temperature change potential (GTP50) no LT,
IPCC 2021 no LT - climate change: land use no LT - global warming potential (GWP100) no LT,
IPCC 2021 no LT - climate change: land use no LT - global warming potential (GWP20) no LT,
IPCC 2021 no LT - climate change: land use no LT - global warming potential (GWP500) no LT,
"IPCC 2021 no LT - climate change: land use, including SLCFs no LT - global temperature change potential (GTP100) no LT",
"IPCC 2021 no LT - climate change: land use, including SLCFs no LT - global warming potential (GWP100) no LT",
"IPCC 2021 no LT - climate change: land use, including SLCFs no LT - global warming potential (GWP20) no LT",
IPCC 2021 - climate change - global temperature change potential (GTP100),climate change
IPCC 2021 - climate change - global temperature change potential (GTP50),climate change
IPCC 2021 - climate change - global warming potential (GWP100),climate change
IPCC 2021 - climate change - global warming potential (GWP20),climate change
IPCC 2021 - climate change - global warming potential (GWP500),climate change
IPCC 2021 - climate change: biogenic - global temperature change potential (GTP100),climate change
IPCC 2021 - climate change: biogenic - global temperature change potential (GTP50),climate change
IPCC 2021 - climate change: biogenic - global warming potential (GWP100),climate change
IPCC 2021 - climate change: biogenic - global warming potential (GWP20),climate change
IPCC 2021 - climate change: biogenic - global warming potential (GWP500),climate change
"IPCC 2021 - climate change: biogenic, including SLCFs - global temperature change potential (GTP100)",climate change
"IPCC 2021 - climate change: biogenic, including SLCFs - global warming potential (GWP100)",climate change
"IPCC 2021 - climate change: biogenic, including SLCFs - global warming potential (GWP20)",climate change
IPCC 2021 - climate change: fossil - global temperature change potential (GTP100),climate change
IPCC 2021 - climate change: fossil - global temperature change potential (GTP50),climate change
IPCC 2021 - climate change: fossil - global warming potential (GWP100),climate change
IPCC 2021 - climate change: fossil - global warming potential (GWP20),climate change
IPCC 2021 - climate change: fossil - global warming potential (GWP500),climate change
"IPCC 2021 - climate change: fossil, including SLCFs - global temperature change potential (GTP100)",climate change
"IPCC 2021 - climate change: fossil, including SLCFs - global warming potential (GWP100)",climate change
"IPCC 2021 - climate change: fossil, including SLCFs - global warming potential (GWP20)",climate change
IPCC 2021 - climate change: including SLCFs - global temperature change potential (GTP100),climate change
IPCC 2021 - climate change: including SLCFs - global warming potential (GWP100),climate change
IPCC 2021 - climate change: including SLCFs - global warming potential (GWP20),climate change
IPCC 2021 - climate change: land use - global temperature change potential (GTP100),
IPCC 2021 - climate change: land use - global temperature change potential (GTP50),
IPCC 2021 - climate change: land use - global warming potential (GWP100),
IPCC 2021 - climate change: land use - global warming potential (GWP20),
IPCC 2021 - climate change: land use - global warming potential (GWP500),
"IPCC 2021 - climate change: land use, including SLCFs - global temperature change potential (GTP100)",
"IPCC 2021 - climate change: land use, including SLCFs - global warming potential (GWP100)",
"IPCC 2021 - climate change: land use, including SLCFs - global warming potential (GWP20)",
"ReCiPe 2016 v1.03, endpoint (E) no LT - ecosystem quality no LT - acidification: terrestrial no LT",acidification
"ReCiPe 2016 v1.03, endpoint (E) no LT - ecosystem quality no LT - climate change: freshwater ecosystems no LT",climate change
"ReCiPe 2016 v1.03, endpoint (E) no LT - ecosystem quality no LT - climate change: terrestrial ecosystems no LT",climate change
"ReCiPe 2016 v1.03, endpoint (E) no LT - ecosystem quality no LT - ecotoxicity: freshwater no LT",ecotoxicity
"ReCiPe 2016 v1.03, endpoint (E) no LT - ecosystem quality no LT - ecotoxicity: marine no LT",ecotoxicity
"ReCiPe 2016 v1.03, endpoint (E) no LT - ecosystem quality no LT - ecotoxicity: terrestrial no LT",ecotoxicity
"ReCiPe 2016 v1.03, endpoint (E) no LT - ecosystem quality no LT - eutrophication: freshwater no LT",eutrophication
"ReCiPe 2016 v1.03, endpoint (E) no LT - ecosystem quality no LT - eutrophication: marine no LT",eutrophication
"ReCiPe 2016 v1.03, endpoint (E) no LT - ecosystem quality no LT - land use no LT",land use
"ReCiPe 2016 v1.03, endpoint (E) no LT - ecosystem quality no LT - photochemical oxidant formation: terrestrial ecosystems no LT",photochemical oxidant formation
"ReCiPe 2016 v1.03, endpoint (E) no LT - ecosystem quality no LT - water use: aquatic ecosystems no LT",water use
"ReCiPe 2016 v1.03, endpoint (E) no LT - ecosystem quality no LT - water use: terrestrial ecosystems no LT",water use
"ReCiPe 2016 v1.03, endpoint (E) no LT - human health no LT - climate change: human health no LT",climate change
"ReCiPe 2016 v1.03, endpoint (E) no LT - human health no LT - human toxicity: carcinogenic no LT",human toxicity
"ReCiPe 2016 v1.03, endpoint (E) no LT - human health no LT - human toxicity: non-carcinogenic no LT",human toxicity
"ReCiPe 2016 v1.03, endpoint (E) no LT - human health no LT - ionising radiation no LT",ionizing radiation
"ReCiPe 2016 v1.03, endpoint (E) no LT - human health no LT - ozone depletion no LT",ozone depletion
"ReCiPe 2016 v1.03, endpoint (E) no LT - human health no LT - particulate matter formation no LT",particulate matter formation
"ReCiPe 2016 v1.03, endpoint (E) no LT - human health no LT - photochemical oxidant formation: human health no LT",photochemical oxidant formation
"ReCiPe 2016 v1.03, endpoint (E) no LT - human health no LT - water use: human health no LT",water use
"ReCiPe 2016 v1.03, endpoint (E) no LT - natural resources no LT - energy resources: non-renewable, fossil no LT",fossil resources
"ReCiPe 2016 v1.03, endpoint (E) no LT - natural resources no LT - material resources: metals/minerals no LT",metal/mineral resources
"ReCiPe 2016 v1.03, endpoint (E) no LT - total: ecosystem quality no LT - ecosystem quality no LT","ReCiPe 2016 v1.03, endpoint (E) no LT - total: ecosystem quality no LT - ecosystem quality no LT"
"ReCiPe 2016 v1.03, endpoint (E) no LT - total: human health no LT - human health no LT","ReCiPe 2016 v1.03, endpoint (E) no LT - total: human health no LT - human health no LT"
"ReCiPe 2016 v1.03, endpoint (E) no LT - total: natural resources no LT - natural resources no LT","ReCiPe 2016 v1.03, endpoint (E) no LT - total: natural resources no LT - natural resources no LT"
"ReCiPe 2016 v1.03, endpoint (E) - ecosystem quality - acidification: terrestrial",acidification
"ReCiPe 2016 v1.03, endpoint (E) - ecosystem quality - climate change: freshwater ecosystems",climate change
"ReCiPe 2016 v1.03, endpoint (E) - ecosystem quality - climate change: terrestrial ecosystems",climate change
"ReCiPe 2016 v1.03, endpoint (E) - ecosystem quality - ecotoxicity: freshwater",ecotoxicity
"ReCiPe 2016 v1.03, endpoint (E) - ecosystem quality - ecotoxicity: marine",ecotoxicity
"ReCiPe 2016 v1.03, endpoint (E) - ecosystem quality - ecotoxicity: terrestrial",ecotoxicity
"ReCiPe 2016 v1.03, endpoint (E) - ecosystem quality - eutrophication: freshwater",eutrophication
"ReCiPe 2016 v1.03, endpoint (E) - ecosystem quality - eutrophication: marine",eutrophication
"ReCiPe 2016 v1.03, endpoint (E) - ecosystem quality - land use",land use
"ReCiPe 2016 v1.03, endpoint (E) - ecosystem quality - photochemical oxidant formation: terrestrial ecosystems",photochemical oxidant formation
"ReCiPe 2016 v1.03, endpoint (E) - ecosystem quality - water use: aquatic ecosystems",water use
"ReCiPe 2016 v1.03, endpoint (E) - ecosystem quality - water use: terrestrial ecosystems",water use
"ReCiPe 2016 v1.03, endpoint (E) - human health - climate change: human health",climate change
"ReCiPe 2016 v1.03, endpoint (E) - human health - human toxicity: carcinogenic",human toxicity
"ReCiPe 2016 v1.03, endpoint (E) - human health - human toxicity: non-carcinogenic",human toxicity
"ReCiPe 2016 v1.03, endpoint (E) - human health - ionising radiation",ionizing radiation
"ReCiPe 2016 v1.03, endpoint (E) - human health - ozone depletion",ozone depletion
"ReCiPe 2016 v1.03, endpoint (E) - human health - particulate matter formation",particulate matter formation
"ReCiPe 2016 v1.03, endpoint (E) - human health - photochemical oxidant formation: human health",photochemical oxidant formation
"ReCiPe 2016 v1.03, endpoint (E) - human health - water use: human health",water use
"ReCiPe 2016 v1.03, endpoint (E) - natural resources - energy resources: non-renewable, fossil",fossil resources
"ReCiPe 2016 v1.03, endpoint (E) - natural resources - material resources: metals/minerals",metal/mineral resources
"ReCiPe 2016 v1.03, endpoint (E) - total: ecosystem quality - ecosystem quality","ReCiPe 2016 v1.03, endpoint (E) - total: ecosystem quality - ecosystem quality"
"ReCiPe 2016 v1.03, endpoint (E) - total: human health - human health","ReCiPe 2016 v1.03, endpoint (E) - total: human health - human health"
"ReCiPe 2016 v1.03, endpoint (E) - total: natural resources - natural resources","ReCiPe 2016 v1.03, endpoint (E) - total: natural resources - natural resources"
"ReCiPe 2016 v1.03, endpoint (H) no LT - ecosystem quality no LT - acidification: terrestrial no LT",acidification
"ReCiPe 2016 v1.03, endpoint (H) no LT - ecosystem quality no LT - climate change: freshwater ecosystems no LT",climate change
"ReCiPe 2016 v1.03, endpoint (H) no LT - ecosystem quality no LT - climate change: terrestrial ecosystems no LT",climate change
"ReCiPe 2016 v1.03, endpoint (H) no LT - ecosystem quality no LT - ecotoxicity: freshwater no LT",ecotoxicity
"ReCiPe 2016 v1.03, endpoint (H) no LT - ecosystem quality no LT - ecotoxicity: marine no LT",ecotoxicity
"ReCiPe 2016 v1.03, endpoint (H) no LT - ecosystem quality no LT - ecotoxicity: terrestrial no LT",ecotoxicity
"ReCiPe 2016 v1.03, endpoint (H) no LT - ecosystem quality no LT - eutrophication: freshwater no LT",eutrophication
"ReCiPe 2016 v1.03, endpoint (H) no LT - ecosystem quality no LT - eutrophication: marine no LT",eutrophication
"ReCiPe 2016 v1.03, endpoint (H) no LT - ecosystem quality no LT - land use no LT",land use
"ReCiPe 2016 v1.03, endpoint (H) no LT - ecosystem quality no LT - photochemical oxidant formation: terrestrial ecosystems no LT",photochemical oxidant formation
"ReCiPe 2016 v1.03, endpoint (H) no LT - ecosystem quality no LT - water use: aquatic ecosystems no LT",water use
"ReCiPe 2016 v1.03, endpoint (H) no LT - ecosystem quality no LT - water use: terrestrial ecosystems no LT",water use
"ReCiPe 2016 v1.03, endpoint (H) no LT - human health no LT - climate change: human health no LT",climate change
"ReCiPe 2016 v1.03, endpoint (H) no LT - human health no LT - human toxicity: carcinogenic no LT",human toxicity
"ReCiPe 2016 v1.03, endpoint (H) no LT - human health no LT - human toxicity: non-carcinogenic no LT",human toxicity
"ReCiPe 2016 v1.03, endpoint (H) no LT - human health no LT - ionising radiation no LT",ionizing radiation
"ReCiPe 2016 v1.03, endpoint (H) no LT - human health no LT - ozone depletion no LT",ozone depletion
"ReCiPe 2016 v1.03, endpoint (H) no LT - human health no LT - particulate matter formation no LT",particulate matter formation
"ReCiPe 2016 v1.03, endpoint (H) no LT - human health no LT - photochemical oxidant formation: human health no LT",photochemical oxidant formation
"ReCiPe 2016 v1.03, endpoint (H) no LT - human health no LT - water use: human health no LT",water use
"ReCiPe 2016 v1.03, endpoint (H) no LT - natural resources no LT - energy resources: non-renewable, fossil no LT",fossil resources
"ReCiPe 2016 v1.03, endpoint (H) no LT - natural resources no LT - material resources: metals/minerals no LT",metal/mineral resources
"ReCiPe 2016 v1.03, endpoint (H) no LT - total: ecosystem quality no LT - ecosystem quality no LT","ReCiPe 2016 v1.03, endpoint (H) no LT - total: ecosystem quality no LT - ecosystem quality no LT"
"ReCiPe 2016 v1.03, endpoint (H) no LT - total: human health no LT - human health no LT","ReCiPe 2016 v1.03, endpoint (H) no LT - total: human health no LT - human health no LT"
"ReCiPe 2016 v1.03, endpoint (H) no LT - total: natural resources no LT - natural resources no LT","ReCiPe 2016 v1.03, endpoint (H) no LT - total: natural resources no LT - natural resources no LT"
"ReCiPe 2016 v1.03, endpoint (H) - ecosystem quality - acidification: terrestrial",acidification
"ReCiPe 2016 v1.03, endpoint (H) - ecosystem quality - climate change: freshwater ecosystems",climate change
"ReCiPe 2016 v1.03, endpoint (H) - ecosystem quality - climate change: terrestrial ecosystems",climate change
"ReCiPe 2016 v1.03, endpoint (H) - ecosystem quality - ecotoxicity: freshwater",ecotoxicity
"ReCiPe 2016 v1.03, endpoint (H) - ecosystem quality - ecotoxicity: marine",ecotoxicity
"ReCiPe 2016 v1.03, endpoint (H) - ecosystem quality - ecotoxicity: terrestrial",ecotoxicity
"ReCiPe 2016 v1.03, endpoint (H) - ecosystem quality - eutrophication: freshwater",eutrophication
"ReCiPe 2016 v1.03, endpoint (H) - ecosystem quality - eutrophication: marine",eutrophication
"ReCiPe 2016 v1.03, endpoint (H) - ecosystem quality - land use",land use
"ReCiPe 2016 v1.03, endpoint (H) - ecosystem quality - photochemical oxidant formation: terrestrial ecosystems",photochemical oxidant formation
"ReCiPe 2016 v1.03, endpoint (H) - ecosystem quality - water use: aquatic ecosystems",water use
"ReCiPe 2016 v1.03, endpoint (H) - ecosystem quality - water use: terrestrial ecosystems",water use
"ReCiPe 2016 v1.03, endpoint (H) - human health - climate change: human health",climate change
"ReCiPe 2016 v1.03, endpoint (H) - human health - human toxicity: carcinogenic",human toxicity
"ReCiPe 2016 v1.03, endpoint (H) - human health - human toxicity: non-carcinogenic",human toxicity
"ReCiPe 2016 v1.03, endpoint (H) - human health - ionising radiation",ionizing radiation
"ReCiPe 2016 v1.03, endpoint (H) - human health - ozone depletion",ozone depletion
"ReCiPe 2016 v1.03, endpoint (H) - human health - particulate matter formation",particulate matter formation
"ReCiPe 2016 v1.03, endpoint (H) - human health - photochemical oxidant formation: human health",photochemical oxidant formation
"ReCiPe 2016 v1.03, endpoint (H) - human health - water use: human health",water use
"ReCiPe 2016 v1.03, endpoint (H) - natural resources - energy resources: non-renewable, fossil",fossil resources
"ReCiPe 2016 v1.03, endpoint (H) - natural resources - material resources: metals/minerals",metal/mineral resources
"ReCiPe 2016 v1.03, endpoint (H) - total: ecosystem quality - ecosystem quality","ReCiPe 2016 v1.03, endpoint (H) - total: ecosystem quality - ecosystem quality"
"ReCiPe 2016 v1.03, endpoint (H) - total: human health - human health","ReCiPe 2016 v1.03, endpoint (H) - total: human health - human health"
"ReCiPe 2016 v1.03, endpoint (H) - total: natural resources - natural resources","ReCiPe 2016 v1.03, endpoint (H) - total: natural resources - natural resources"
"ReCiPe 2016 v1.03, endpoint (I) no LT - ecosystem quality no LT - acidification: terrestrial no LT",acidification
"ReCiPe 2016 v1.03, endpoint (I) no LT - ecosystem quality no LT - climate change: freshwater ecosystems no LT",climate change
"ReCiPe 2016 v1.03, endpoint (I) no LT - ecosystem quality no LT - climate change: terrestrial ecosystems no LT",climate change
"ReCiPe 2016 v1.03, endpoint (I) no LT - ecosystem quality no LT - ecotoxicity: freshwater no LT",ecotoxicity
"ReCiPe 2016 v1.03, endpoint (I) no LT - ecosystem quality no LT - ecotoxicity: marine no LT",ecotoxicity
"ReCiPe 2016 v1.03, endpoint (I) no LT - ecosystem quality no LT - ecotoxicity: terrestrial no LT",ecotoxicity
"ReCiPe 2016 v1.03, endpoint (I) no LT - ecosystem quality no LT - eutrophication: freshwater no LT",eutrophication
"ReCiPe 2016 v1.03, endpoint (I) no LT - ecosystem quality no LT - eutrophication: marine no LT",eutrophication
"ReCiPe 2016 v1.03, endpoint (I) no LT - ecosystem quality no LT - land use no LT",land use
"ReCiPe 2016 v1.03, endpoint (I) no LT - ecosystem quality no LT - photochemical oxidant formation: terrestrial ecosystems no LT",photochemical oxidant formation
"ReCiPe 2016 v1.03, endpoint (I) no LT - ecosystem quality no LT - water use: aquatic ecosystems no LT",water use
"ReCiPe 2016 v1.03, endpoint (I) no LT - human health no LT - climate change: human health no LT",climate change
"ReCiPe 2016 v1.03, endpoint (I) no LT - human health no LT - human toxicity: carcinogenic no LT",human toxicity
"ReCiPe 2016 v1.03, endpoint (I) no LT - human health no LT - human toxicity: non-carcinogenic no LT",human toxicity
"ReCiPe 2016 v1.03, endpoint (I) no LT - human health no LT - ionising radiation no LT",ionizing radiation
"ReCiPe 2016 v1.03, endpoint (I) no LT - human health no LT - ozone depletion no LT",ozone depletion
"ReCiPe 2016 v1.03, endpoint (I) no LT - human health no LT - particulate matter formation no LT",particulate matter formation
"ReCiPe 2016 v1.03, endpoint (I) no LT - human health no LT - photochemical oxidant formation: human health no LT",photochemical oxidant formation
"ReCiPe 2016 v1.03, endpoint (I) no LT - human health no LT - water use: human health no LT",water use
"ReCiPe 2016 v1.03, endpoint (I) no LT - natural resources no LT - energy resources: non-renewable, fossil no LT",fossil resources
"ReCiPe 2016 v1.03, endpoint (I) no LT - natural resources no LT - material resources: metals/minerals no LT",metal/mineral resources
"ReCiPe 2016 v1.03, endpoint (I) no LT - total: ecosystem quality no LT - ecosystem quality no LT","ReCiPe 2016 v1.03, endpoint (I) no LT - total: ecosystem quality no LT - ecosystem quality no LT"
"ReCiPe 2016 v1.03, endpoint (I) no LT - total: human health no LT - human health no LT","ReCiPe 2016 v1.03, endpoint (I) no LT - total: human health no LT - human health no LT"
"ReCiPe 2016 v1.03, endpoint (I) no LT - total: natural resources no LT - natural resources no LT","ReCiPe 2016 v1.03, endpoint (I) no LT - total: natural resources no LT - natural resources no LT"
"ReCiPe 2016 v1.03, endpoint (I) - ecosystem quality - acidification: terrestrial",acidification
"ReCiPe 2016 v1.03, endpoint (I) - ecosystem quality - climate change: freshwater ecosystems",climate change
"ReCiPe 2016 v1.03, endpoint (I) - ecosystem quality - climate change: terrestrial ecosystems",climate change
"ReCiPe 2016 v1.03, endpoint (I) - ecosystem quality - ecotoxicity: freshwater",ecotoxicity
"ReCiPe 2016 v1.03, endpoint (I) - ecosystem quality - ecotoxicity: marine",ecotoxicity
"ReCiPe 2016 v1.03, endpoint (I) - ecosystem quality - ecotoxicity: terrestrial",ecotoxicity
"ReCiPe 2016 v1.03, endpoint (I) - ecosystem quality - eutrophication: freshwater",eutrophication
"ReCiPe 2016 v1.03, endpoint (I) - ecosystem quality - eutrophication: marine",eutrophication
"ReCiPe 2016 v1.03, endpoint (I) - ecosystem quality - land use",land use
"ReCiPe 2016 v1.03, endpoint (I) - ecosystem quality - photochemical oxidant formation: terrestrial ecosystems",photochemical oxidant formation
"ReCiPe 2016 v1.03, endpoint (I) - ecosystem quality - water use: aquatic ecosystems",water use
"ReCiPe 2016 v1.03, endpoint (I) - human health - climate change: human health",climate change
"ReCiPe 2016 v1.03, endpoint (I) - human health - human toxicity: carcinogenic",human toxicity
"ReCiPe 2016 v1.03, endpoint (I) - human health - human toxicity: non-carcinogenic",human toxicity
"ReCiPe 2016 v1.03, endpoint (I) - human health - ionising radiation",ionizing radiation
"ReCiPe 2016 v1.03, endpoint (I) - human health - ozone depletion",ozone depletion
"ReCiPe 2016 v1.03, endpoint (I) - human health - particulate matter formation",particulate matter formation
"ReCiPe 2016 v1.03, endpoint (I) - human health - photochemical oxidant formation: human health",photochemical oxidant formation
"ReCiPe 2016 v1.03, endpoint (I) - human health - water use: human health",water use
"ReCiPe 2016 v1.03, endpoint (I) - natural resources - energy resources: non-renewable, fossil",fossil resources
"ReCiPe 2016 v1.03, endpoint (I) - natural resources - material resources: metals/minerals",metal/mineral resources
"ReCiPe 2016 v1.03, endpoint (I) - total: ecosystem quality - ecosystem quality","ReCiPe 2016 v1.03, endpoint (I) - total: ecosystem quality - ecosystem quality"
"ReCiPe 2016 v1.03, endpoint (I) - total: human health - human health","ReCiPe 2016 v1.03, endpoint (I) - total: human health - human health"
"ReCiPe 2016 v1.03, endpoint (I) - total: natural resources - natural resources","ReCiPe 2016 v1.03, endpoint (I) - total: natural resources - natural resources"
"ReCiPe 2016 v1.03, midpoint (E) no LT - acidification: terrestrial no LT - terrestrial acidification potential (TAP) no LT",acidification
"ReCiPe 2016 v1.03, midpoint (E) no LT - climate change no LT - global warming potential (GWP1000) no LT",climate change
"ReCiPe 2016 v1.03, midpoint (E) no LT - ecotoxicity: freshwater no LT - freshwater ecotoxicity potential (FETP) no LT",ecotoxicity
"ReCiPe 2016 v1.03, midpoint (E) no LT - ecotoxicity: marine no LT - marine ecotoxicity potential (METP) no LT",ecotoxicity
"ReCiPe 2016 v1.03, midpoint (E) no LT - ecotoxicity: terrestrial no LT - terrestrial ecotoxicity potential (TETP) no LT",ecotoxicity
"ReCiPe 2016 v1.03, midpoint (E) no LT - energy resources: non-renewable, fossil no LT - fossil fuel potential (FFP) no LT",fossil resources
"ReCiPe 2016 v1.03, midpoint (E) no LT - eutrophication: freshwater no LT - freshwater eutrophication potential (FEP) no LT",eutrophication
"ReCiPe 2016 v1.03, midpoint (E) no LT - eutrophication: marine no LT - marine eutrophication potential (MEP) no LT",eutrophication
"ReCiPe 2016 v1.03, midpoint (E) no LT - human toxicity: carcinogenic no LT - human toxicity potential (HTPc) no LT",human toxicity
"ReCiPe 2016 v1.03, midpoint (E) no LT - human toxicity: non-carcinogenic no LT - human toxicity potential (HTPnc) no LT",human toxicity
"ReCiPe 2016 v1.03, midpoint (E) no LT - ionising radiation no LT - ionising radiation potential (IRP) no LT",ionizing radiation
"ReCiPe 2016 v1.03, midpoint (E) no LT - land use no LT - agricultural land occupation (LOP) no LT",land use
"ReCiPe 2016 v1.03, midpoint (E) no LT - material resources: metals/minerals no LT - surplus ore potential (SOP) no LT",metal/mineral resources
"ReCiPe 2016 v1.03, midpoint (E) no LT - ozone depletion no LT - ozone depletion potential (ODPinfinite) no LT",ozone depletion
"ReCiPe 2016 v1.03, midpoint (E) no LT - particulate matter formation no LT - particulate matter formation potential (PMFP) no LT",particulate matter formation
"ReCiPe 2016 v1.03, midpoint (E) no LT - photochemical oxidant formation: human health no LT - photochemical oxidant formation potential: humans (HOFP) no LT",photochemical oxidant formation
"ReCiPe 2016 v1.03, midpoint (E) no LT - photochemical oxidant formation: terrestrial ecosystems no LT - photochemical oxidant formation potential: ecosystems (EOFP) no LT",photochemical oxidant formation
"ReCiPe 2016 v1.03, midpoint (E) no LT - water use no LT - water consumption potential (WCP) no LT",water use
"ReCiPe 2016 v1.03, midpoint (E) - acidification: terrestrial - terrestrial acidification potential (TAP)",acidification
"ReCiPe 2016 v1.03, midpoint (E) - climate change - global warming potential (GWP1000)",climate change
"ReCiPe 2016 v1.03, midpoint (E) - ecotoxicity: freshwater - freshwater ecotoxicity potential (FETP)",ecotoxicity
"ReCiPe 2016 v1.03, midpoint (E) - ecotoxicity: marine - marine ecotoxicity potential (METP)",ecotoxicity
"ReCiPe 2016 v1.03, midpoint (E) - ecotoxicity: terrestrial - terrestrial ecotoxicity potential (TETP)",ecotoxicity
"ReCiPe 2016 v1.03, midpoint (E) - energy resources: non-renewable, fossil - fossil fuel potential (FFP)",fossil resources
"ReCiPe 2016 v1.03, midpoint (E) - eutrophication: freshwater - freshwater eutrophication potential (FEP)",eutrophication
"ReCiPe 2016 v1.03, midpoint (E) - eutrophication: marine - marine eutrophication potential (MEP)",eutrophication
"ReCiPe 2016 v1.03, midpoint (E) - human toxicity: carcinogenic - human toxicity potential (HTPc)",human toxicity
"ReCiPe 2016 v1.03, midpoint (E) - human toxicity: non-carcinogenic - human toxicity potential (HTPnc)",human toxicity
"ReCiPe 2016 v1.03, midpoint (E) - ionising radiation - ionising radiation potential (IRP)",ionizing radiation
"ReCiPe 2016 v1.03, midpoint (E) - land use - agricultural land occupation (LOP)",land use
"ReCiPe 2016 v1.03, midpoint (E) - material resources: metals/minerals - surplus ore potential (SOP)",metal/mineral resources
"ReCiPe 2016 v1.03, midpoint (E) - ozone depletion - ozone depletion potential (ODPinfinite)",ozone depletion
"ReCiPe 2016 v1.03, midpoint (E) - particulate matter formation - particulate matter formation potential (PMFP)",particulate matter formation
"ReCiPe 2016 v1.03, midpoint (E) - photochemical oxidant formation: human health - photochemical oxidant formation potential: humans (HOFP)",photochemical oxidant formation
"ReCiPe 2016 v1.03, midpoint (E) - photochemical oxidant formation: terrestrial ecosystems - photochemical oxidant formation potential: ecosystems (EOFP)",photochemical oxidant formation
"ReCiPe 2016 v1.03, midpoint (E) - water use - water consumption potential (WCP)",water use
"ReCiPe 2016 v1.03, midpoint (H) no LT - acidification: terrestrial no LT - terrestrial acidification potential (TAP) no LT",acidification
"ReCiPe 2016 v1.03, midpoint (H) no LT - climate change no LT - global warming potential (GWP100) no LT",climate change
"ReCiPe 2016 v1.03, midpoint (H) no LT - ecotoxicity: freshwater no LT - freshwater ecotoxicity potential (FETP) no LT",ecotoxicity
"ReCiPe 2016 v1.03, midpoint (H) no LT - ecotoxicity: marine no LT - marine ecotoxicity potential (METP) no LT",ecotoxicity
"ReCiPe 2016 v1.03, midpoint (H) no LT - ecotoxicity: terrestrial no LT - terrestrial ecotoxicity potential (TETP) no LT",ecotoxicity
"ReCiPe 2016 v1.03, midpoint (H) no LT - energy resources: non-renewable, fossil no LT - fossil fuel potential (FFP) no LT",fossil resources
"ReCiPe 2016 v1.03, midpoint (H) no LT - eutrophication: freshwater no LT - freshwater eutrophication potential (FEP) no LT",eutrophication
"ReCiPe 2016 v1.03, midpoint (H) no LT - eutrophication: marine no LT - marine eutrophication potential (MEP) no LT",eutrophication
"ReCiPe 2016 v1.03, midpoint (H) no LT - human toxicity: carcinogenic no LT - human toxicity potential (HTPc) no LT",human toxicity
"ReCiPe 2016 v1.03, midpoint (H) no LT - human toxicity: non-carcinogenic no LT - human toxicity potential (HTPnc) no LT",human toxicity
"ReCiPe 2016 v1.03, midpoint (H) no LT - ionising radiation no LT - ionising radiation potential (IRP) no LT",ionizing radiation
"ReCiPe 2016 v1.03, midpoint (H) no LT - land use no LT - agricultural land occupation (LOP) no LT",land use
"ReCiPe 2016 v1.03, midpoint (H) no LT - material resources: metals/minerals no LT - surplus ore potential (SOP) no LT",metal/mineral resources
"ReCiPe 2016 v1.03, midpoint (H) no LT - ozone depletion no LT - ozone depletion potential (ODPinfinite) no LT",ozone depletion
"ReCiPe 2016 v1.03, midpoint (H) no LT - particulate matter formation no LT - particulate matter formation potential (PMFP) no LT",particulate matter formation
"ReCiPe 2016 v1.03, midpoint (H) no LT - photochemical oxidant formation: human health no LT - photochemical oxidant formation potential: humans (HOFP) no LT",photochemical oxidant formation
"ReCiPe 2016 v1.03, midpoint (H) no LT - photochemical oxidant formation: terrestrial ecosystems no LT - photochemical oxidant formation potential: ecosystems (EOFP) no LT",photochemical oxidant formation
"ReCiPe 2016 v1.03, midpoint (H) no LT - water use no LT - water consumption potential (WCP) no LT",water use
"ReCiPe 2016 v1.03, midpoint (H) - climate change - global warming potential (GWP100)",climate change
"ReCiPe 2016 v1.03, midpoint (I) no LT - acidification: terrestrial no LT - terrestrial acidification potential (TAP) no LT",acidification
"ReCiPe 2016 v1.03, midpoint (I) no LT - climate change no LT - global warming potential (GWP20) no LT",climate change
"ReCiPe 2016 v1.03, midpoint (I) no LT - ecotoxicity: freshwater no LT - freshwater ecotoxicity potential (FETP) no LT",ecotoxicity
"ReCiPe 2016 v1.03, midpoint (I) no LT - ecotoxicity: marine no LT - marine ecotoxicity potential (METP) no LT",ecotoxicity
"ReCiPe 2016 v1.03, midpoint (I) no LT - ecotoxicity: terrestrial no LT - terrestrial ecotoxicity potential (TETP) no LT",ecotoxicity
"ReCiPe 2016 v1.03, midpoint (I) no LT - energy resources: non-renewable, fossil no LT - fossil fuel potential (FFP) no LT",fossil resources
"ReCiPe 2016 v1.03, midpoint (I) no LT - eutrophication: freshwater no LT - freshwater eutrophication potential (FEP) no LT",eutrophication
"ReCiPe 2016 v1.03, midpoint (I) no LT - eutrophication: marine no LT - marine eutrophication potential (MEP) no LT",eutrophication
"ReCiPe 2016 v1.03, midpoint (I) no LT - human toxicity: carcinogenic no LT - human toxicity potential (HTPc) no LT",human toxicity
"ReCiPe 2016 v1.03, midpoint (I) no LT - human toxicity: non-carcinogenic no LT - human toxicity potential (HTPnc) no LT",human toxicity
"ReCiPe 2016 v1.03, midpoint (I) no LT - ionising radiation no LT - ionising radiation potential (IRP) no LT",ionizing radiation
"ReCiPe 2016 v1.03, midpoint (I) no LT - land use no LT - agricultural land occupation (LOP) no LT",land use
"ReCiPe 2016 v1.03, midpoint (I) no LT - material resources: metals/minerals no LT - surplus ore potential (SOP) no LT",metal/mineral resources
"ReCiPe 2016 v1.03, midpoint (I) no LT - ozone depletion no LT - ozone depletion potential (ODPinfinite) no LT",ozone depletion
"ReCiPe 2016 v1.03, midpoint (I) no LT - particulate matter formation no LT - particulate matter formation potential (PMFP) no LT",particulate matter formation
"ReCiPe 2016 v1.03, midpoint (I) no LT - photochemical oxidant formation: human health no LT - photochemical oxidant formation potential: humans (HOFP) no LT",photochemical oxidant formation
"ReCiPe 2016 v1.03, midpoint (I) no LT - photochemical oxidant formation: terrestrial ecosystems no LT - photochemical oxidant formation potential: ecosystems (EOFP) no LT",photochemical oxidant formation
"ReCiPe 2016 v1.03, midpoint (I) no LT - water use no LT - water consumption potential (WCP) no LT",water use
"ReCiPe 2016 v1.03, midpoint (I) - acidification: terrestrial - terrestrial acidification potential (TAP)",acidification
"ReCiPe 2016 v1.03, midpoint (I) - climate change - global warming potential (GWP20)",climate change
"ReCiPe 2016 v1.03, midpoint (I) - ecotoxicity: freshwater - freshwater ecotoxicity potential (FETP)",ecotoxicity
"ReCiPe 2016 v1.03, midpoint (I) - ecotoxicity: marine - marine ecotoxicity potential (METP)",ecotoxicity
"ReCiPe 2016 v1.03, midpoint (I) - ecotoxicity: terrestrial - terrestrial ecotoxicity potential (TETP)",ecotoxicity
"ReCiPe 2016 v1.03, midpoint (I) - energy resources: non-renewable, fossil - fossil fuel potential (FFP)",fossil resources
"ReCiPe 2016 v1.03, midpoint (I) - eutrophication: freshwater - freshwater eutrophication potential (FEP)",eutrophication
"ReCiPe 2016 v1.03, midpoint (I) - eutrophication: marine - marine eutrophication potential (MEP)",eutrophication
"ReCiPe 2016 v1.03, midpoint (I) - human toxicity: carcinogenic - human toxicity potential (HTPc)",human toxicity
"ReCiPe 2016 v1.03, midpoint (I) - human toxicity: non-carcinogenic - human toxicity potential (HTPnc)",human toxicity
"ReCiPe 2016 v1.03, midpoint (I) - ionising radiation - ionising radiation potential (IRP)",ionizing radiation
"ReCiPe 2016 v1.03, midpoint (I) - land use - agricultural land occupation (LOP)",land use
"ReCiPe 2016 v1.03, midpoint (I) - material resources: metals/minerals - surplus ore potential (SOP)",metal/mineral resources
"ReCiPe 2016 v1.03, midpoint (I) - ozone depletion - ozone depletion potential (ODPinfinite)",ozone depletion
"ReCiPe 2016 v1.03, midpoint (I) - particulate matter formation - particulate matter formation potential (PMFP)",particulate matter formation
"ReCiPe 2016 v1.03, midpoint (I) - photochemical oxidant formation: human health - photochemical oxidant formation potential: humans (HOFP)",photochemical oxidant formation
"ReCiPe 2016 v1.03, midpoint (I) - photochemical oxidant formation: terrestrial ecosystems - photochemical oxidant formation potential: ecosystems (EOFP)",photochemical oxidant formation
"ReCiPe 2016 v1.03, midpoint (I) - water use - water consumption potential (WCP)",water use
TRACI v2.1 no LT - acidification no LT - acidification potential (AP) no LT,acidification
TRACI v2.1 no LT - climate change no LT - global warming potential (GWP100) no LT,climate change
TRACI v2.1 no LT - ecotoxicity: freshwater no LT - ecotoxicity: freshwater no LT,ecotoxicity
TRACI v2.1 no LT - eutrophication no LT - eutrophication potential no LT,eutrophication
TRACI v2.1 no LT - human toxicity: carcinogenic no LT - human toxicity: carcinogenic no LT,human toxicity
TRACI v2.1 no LT - human toxicity: non-carcinogenic no LT - human toxicity: non-carcinogenic no LT,human toxicity
TRACI v2.1 no LT - ozone depletion no LT - ozone depletion potential (ODP) no LT,ozone depletion
TRACI v2.1 no LT - particulate matter formation no LT - particulate matter formation potential (PMFP) no LT,particulate matter formation
TRACI v2.1 no LT - photochemical oxidant formation no LT - maximum incremental reactivity (MIR) no LT,photochemical oxidant formation
TRACI v2.1 - acidification - acidification potential (AP),acidification
TRACI v2.1 - climate change - global warming potential (GWP100),climate change
TRACI v2.1 - ecotoxicity: freshwater - ecotoxicity: freshwater,ecotoxicity
TRACI v2.1 - eutrophication - eutrophication potential,eutrophication
TRACI v2.1 - human toxicity: carcinogenic - human toxicity: carcinogenic,human toxicity
TRACI v2.1 - human toxicity: non-carcinogenic - human toxicity: non-carcinogenic,human toxicity
TRACI v2.1 - ozone depletion - ozone depletion potential (ODP),ozone depletion
TRACI v2.1 - particulate matter formation - particulate matter formation potential (PMFP),particulate matter formation
TRACI v2.1 - photochemical oxidant formation - maximum incremental reactivity (MIR),photochemical oxidant formation
"USEtox v2.13, endpoint no LT - ecosystem quality no LT - ecotoxicity: freshwater no LT",ecotoxicity
"USEtox v2.13, endpoint no LT - human health no LT - human toxicity: carcinogenic no LT",human toxicity
"USEtox v2.13, endpoint no LT - human health no LT - human toxicity: non-carcinogenic no LT",human toxicity
"USEtox v2.13, endpoint - ecosystem quality - ecotoxicity: freshwater",ecotoxicity
"USEtox v2.13, endpoint - human health - human toxicity: carcinogenic",human toxicity
"USEtox v2.13, endpoint - human health - human toxicity: non-carcinogenic",human toxicity
"USEtox v2.13, midpoint no LT - ecotoxicity: freshwater no LT - comparative toxic unit for ecosystems (CTUe) no LT",ecotoxicity
"USEtox v2.13, midpoint no LT - human toxicity: carcinogenic no LT - comparative toxic unit for human (CTUh) no LT",human toxicity
"USEtox v2.13, midpoint no LT - human toxicity: non-carcinogenic no LT - comparative toxic unit for human (CTUh) no LT",human toxicity
"USEtox v2.13, midpoint - ecotoxicity: freshwater - comparative toxic unit for ecosystems (CTUe)",ecotoxicity
"USEtox v2.13, midpoint - human toxicity: carcinogenic - comparative toxic unit for human (CTUh)",human toxicity
"USEtox v2.13, midpoint - human toxicity: non-carcinogenic - comparative toxic unit for human (CTUh)",human toxicity
EF v3.0 EN15804 - acidification - accumulated exceedance (AE),acidification
EF v3.0 EN15804 - climate change - global warming potential (GWP100),climate change
EF v3.0 EN15804 - climate change: biogenic - global warming potential (GWP100),climate change
EF v3.0 EN15804 - climate change: fossil - global warming potential (GWP100),climate change
EF v3.0 EN15804 - climate change: GHG (EPD PCR) - global warming potential (GWP100),climate change
EF v3.0 EN15804 - climate change: land use and land use change - global warming potential (GWP100),
EF v3.0 EN15804 - ecotoxicity: freshwater - comparative toxic unit for ecosystems (CTUe),ecotoxicity
EF v3.0 EN15804 - energy resources: non-renewable - abiotic depletion potential (ADP): fossil fuels,fossil resources
EF v3.0 EN15804 - eutrophication: freshwater - fraction of nutrients reaching freshwater end compartment (P),eutrophication
EF v3.0 EN15804 - eutrophication: marine - fraction of nutrients reaching marine end compartment (N),eutrophication
EF v3.0 EN15804 - eutrophication: terrestrial - accumulated exceedance (AE),eutrophication
EF v3.0 EN15804 - human toxicity: carcinogenic - comparative toxic unit for human (CTUh),human toxicity
EF v3.0 EN15804 - human toxicity: non-carcinogenic - comparative toxic unit for human (CTUh),human toxicity
EF v3.0 EN15804 - ionising radiation: human health - human exposure efficiency relative to u235,ionizing radiation
EF v3.0 EN15804 - land use - soil quality index,land use
EF v3.0 EN15804 - material resources: metals/minerals - abiotic depletion potential (ADP): elements (ultimate reserves),metal/mineral resources
EF v3.0 EN15804 - ozone depletion - ozone depletion potential (ODP),ozone depletion
EF v3.0 EN15804 - particulate matter formation - impact on human health,particulate matter formation
EF v3.0 EN15804 - photochemical oxidant formation: human health - tropospheric ozone concentration increase,photochemical oxidant formation
EF v3.0 EN15804 - water use - user deprivation potential (deprivation-weighted water consumption),water use
EF v3.1 EN15804 - acidification - accumulated exceedance (AE),acidification
EF v3.1 EN15804 - climate change - global warming potential (GWP100),climate change
EF v3.1 EN15804 - climate change: biogenic - global warming potential (GWP100),climate change
EF v3.1 EN15804 - climate change: fossil - global warming potential (GWP100),climate change
EF v3.1 EN15804 - climate change: GHG (EPD PCR) - global warming potential (GWP100),climate change
EF v3.1 EN15804 - climate change: land use and land use change - global warming potential (GWP100),
EF v3.1 EN15804 - ecotoxicity: freshwater - comparative toxic unit for ecosystems (CTUe),ecotoxicity
EF v3.1 EN15804 - energy resources: non-renewable - abiotic depletion potential (ADP): fossil fuels,fossil resources
EF v3.1 EN15804 - eutrophication: freshwater - fraction of nutrients reaching freshwater end compartment (P),eutrophication
EF v3.1 EN15804 - eutrophication: marine - fraction of nutrients reaching marine end compartment (N),eutrophication
EF v3.1 EN15804 - eutrophication: terrestrial - accumulated exceedance (AE),eutrophication
EF v3.1 EN15804 - human toxicity: carcinogenic - comparative toxic unit for human (CTUh),human toxicity
EF v3.1 EN15804 - human toxicity: non-carcinogenic - comparative toxic unit for human (CTUh),human toxicity
EF v3.1 EN15804 - ionising radiation: human health - human exposure efficiency relative to u235,ionizing radiation
EF v3.1 EN15804 - land use - soil quality index,land use
EF v3.1 EN15804 - material resources: metals/minerals - abiotic depletion potential (ADP): elements (ultimate reserves),metal/mineral resources
EF v3.1 EN15804 - ozone depletion - ozone depletion potential (ODP),ozone depletion
EF v3.1 EN15804 - particulate matter formation - impact on human health,particulate matter formation
EF v3.1 EN15804 - photochemical oxidant formation: human health - tropospheric ozone concentration increase,photochemical oxidant formation
EF v3.1 EN15804 - water use - user deprivation potential (deprivation-weighted water consumption),water use
EN15804 - inventory indicators ISO21930 - exported energy - electricity,EN15804 - inventory indicators ISO21930 - exported energy - electricity
EN15804 - inventory indicators ISO21930 - exported energy - heat,EN15804 - inventory indicators ISO21930 - exported energy - heat
EN15804 - inventory indicators ISO21930 - hazardous waste disposed,EN15804 - inventory indicators ISO21930 - hazardous waste disposed
EN15804 - inventory indicators ISO21930 - high-level radioactive waste disposed,EN15804 - inventory indicators ISO21930 - high-level radioactive waste disposed
EN15804 - inventory indicators ISO21930 - intermediate and low-level radioactive waste disposed,EN15804 - inventory indicators ISO21930 - intermediate and low-level radioactive waste disposed
EN15804 - inventory indicators ISO21930 - materials for energy recovery,EN15804 - inventory indicators ISO21930 - materials for energy recovery
EN15804 - inventory indicators ISO21930 - materials for recycling,EN15804 - inventory indicators ISO21930 - materials for recycling
EN15804 - inventory indicators ISO21930 - non-hazardous waste disposed,EN15804 - inventory indicators ISO21930 - non-hazardous waste disposed
EN15804 - inventory indicators ISO21930 - recovered energy,EN15804 - inventory indicators ISO21930 - recovered energy
EN15804 - inventory indicators ISO21930 - use of net fresh water,EN15804 - inventory indicators ISO21930 - use of net fresh water
EN15804 - inventory indicators ISO21930 - use of renewable secondary fuels,EN15804 - inventory indicators ISO21930 - use of renewable secondary fuels
EN15804 - inventory indicators ISO21930 - use of secondary material,EN15804 - inventory indicators ISO21930 - use of secondary material
EN15804 - inventory indicators ISO21930 - Cumulative Energy Demand - renewable energy resources,fossil resources
EN15804 - inventory indicators ISO21930 - Cumulative Energy Demand - non-renewable energy resources,fossil resources
RELICS - metals extraction - Arsenic,RELICS - metals extraction - Arsenic
RELICS - metals extraction - Barium,RELICS - metals extraction - Barium
RELICS - metals extraction - Dolomite,RELICS - metals extraction - Dolomite
RELICS - metals extraction - Holmium,RELICS - metals extraction - Holmium
RELICS - metals extraction - Iron,RELICS - metals extraction - Iron
RELICS - metals extraction - Mercury,RELICS - metals extraction - Mercury
RELICS - metals extraction - Phosphorus,RELICS - metals extraction - Phosphorus
RELICS - metals extraction - Rubidium,RELICS - metals extraction - Rubidium
RELICS - metals extraction - Sodium,RELICS - metals extraction - Sodium
RELICS - metals extraction - Spodumene,RELICS - metals extraction - Spodumene
RELICS - metals extraction - Thulium,RELICS - metals extraction - Thulium
"ReCiPe 2016 v1.03, endpoint (H) - ecosystem quality - climate change: freshwater ecosystems - incl. H and bio CO2",climate change
"ReCiPe 2016 v1.03, endpoint (H) - ecosystem quality - climate change: terrestrial ecosystems - incl. H and bio CO2",climate change
"ReCiPe 2016 v1.03, endpoint (H) - human health - climate change: human health - incl. H and bio CO2",climate change
"IPCC 2021 no LT - climate change no LT - GWP 100a, incl. H and bio CO2 no LT",climate change
"ReCiPe 2016 v1.03, endpoint (H) no LT - ecosystem quality no LT - climate change: freshwater ecosystems no LT - incl. H and bio CO2 no LT",climate change
"ReCiPe 2016 v1.03, endpoint (H) no LT - ecosystem quality no LT - climate change: terrestrial ecosystems no LT - incl. H and bio CO2 no LT",climate change
"ReCiPe 2016 v1.03, endpoint (H) no LT - human health no LT - climate change: human health no LT - incl. H and bio CO2 no LT",climate change
"ImpactWorld+ 2.1 - Climate change, ecosystem quality, long term - damage",climate change
"ImpactWorld+ 2.1 - Climate change, ecosystem quality, short term - damage",climate change
"ImpactWorld+ 2.1 - Climate change, human health, long term - damage",climate change
"ImpactWorld+ 2.1 - Climate change, human health, short term - damage",climate change
ImpactWorld+ 2.1 - Fisheries impact - damage,ImpactWorld+ 2.1 - Fisheries impact - damage
ImpactWorld+ 2.1 - Freshwater acidification - damage,acidification
"ImpactWorld+ 2.1 - Freshwater ecotoxicity, long term - damage",ecotoxicity
"ImpactWorld+ 2.1 - Freshwater ecotoxicity, short term - damage",ecotoxicity
ImpactWorld+ 2.1 - Freshwater eutrophication - damage,eutrophication
"ImpactWorld+ 2.1 - Human toxicity cancer, long term - damage",human toxicity
"ImpactWorld+ 2.1 - Human toxicity cancer, short term - damage",human toxicity
"ImpactWorld+ 2.1 - Human toxicity non-cancer, long term - damage",human toxicity
"ImpactWorld+ 2.1 - Human toxicity non-cancer, short term - damage",human toxicity
"ImpactWorld+ 2.1 - Ionizing radiations, ecosystem quality - damage",ionizing radiation
"ImpactWorld+ 2.1 - Ionizing radiations, human health - damage",ionizing radiation
"ImpactWorld+ 2.1 - Land occupation, biodiversity - damage","ImpactWorld+ 2.1 - Land occupation, biodiversity - damage"
"ImpactWorld+ 2.1 - Land transformation, biodiversity - damage","ImpactWorld+ 2.1 - Land transformation, biodiversity - damage"
"ImpactWorld+ 2.1 - Marine acidification, long term - damage",acidification
"ImpactWorld+ 2.1 - Marine acidification, short term - damage",acidification
"ImpactWorld+ 2.1 - Marine ecotoxicity, long term - damage",ecotoxicity
"ImpactWorld+ 2.1 - Marine ecotoxicity, short term - damage",ecotoxicity
ImpactWorld+ 2.1 - Marine eutrophication - damage,eutrophication
ImpactWorld+ 2.1 - Ozone layer depletion - damage,ImpactWorld+ 2.1 - Ozone layer depletion - damage
ImpactWorld+ 2.1 - Particulate matter formation - damage,particulate matter formation
"ImpactWorld+ 2.1 - Photochemical ozone formation, ecosystem quality - damage","ImpactWorld+ 2.1 - Photochemical ozone formation, ecosystem quality - damage"
"ImpactWorld+ 2.1 - Photochemical ozone formation, human health - damage","ImpactWorld+ 2.1 - Photochemical ozone formation, human health - damage"
ImpactWorld+ 2.1 - Plastics physical effects on biota - damage,ImpactWorld+ 2.1 - Plastics physical effects on biota - damage
ImpactWorld+ 2.1 - Terrestrial acidification - damage,acidification
"ImpactWorld+ 2.1 - Terrestrial ecotoxicity, long term - damage",ecotoxicity
"ImpactWorld+ 2.1 - Terrestrial ecotoxicity, short term - damage",ecotoxicity
ImpactWorld+ 2.1 - Thermally polluted water - damage,ImpactWorld+ 2.1 - Thermally polluted water - damage
"ImpactWorld+ 2.1 - Water availability, freshwater ecosystem - damage","ImpactWorld+ 2.1 - Water availability, freshwater ecosystem - damage"
"ImpactWorld+ 2.1 - Water availability, human health - damage","ImpactWorld+ 2.1 - Water availability, human health - damage"
"ImpactWorld+ 2.1 - Water availability, terrestrial ecosystem - damage","ImpactWorld+ 2.1 - Water availability, terrestrial ecosystem - damage"
"ReCiPe 2016 v1.03, endpoint (H) - human health - particulate matter formation - with adapted intake fractions",particulate matter formation
"ReCiPe 2016 v1.03, endpoint (H) no LT - human health no LT - particulate matter formation no LT - with adapted intake fractions",particulate matter formation
RELICS - metals extraction - REEs,RELICS - metals extraction - REEs
RELICS - metals extraction - PGMs,RELICS - metals extraction - PGMs
"ReCiPe 2016 v1.03, midpoint (H) only LT - acidification: terrestrial only LT - terrestrial acidification potential (TAP) only LT",acidification
"ReCiPe 2016 v1.03, midpoint (H) only LT - ecotoxicity: freshwater only LT - freshwater ecotoxicity potential (FETP) only LT",ecotoxicity
"ReCiPe 2016 v1.03, midpoint (H) only LT - ecotoxicity: marine only LT - marine ecotoxicity potential (METP) only LT",ecotoxicity
"ReCiPe 2016 v1.03, midpoint (H) only LT - ecotoxicity: terrestrial only LT - terrestrial ecotoxicity potential (TETP) only LT",ecotoxicity
"ReCiPe 2016 v1.03, midpoint (H) only LT - energy resources: non-renewable, fossil only LT - fossil fuel potential (FFP) only LT",fossil resources
"ReCiPe 2016 v1.03, midpoint (H) only LT - eutrophication: freshwater only LT - freshwater eutrophication potential (FEP) only LT",eutrophication
"ReCiPe 2016 v1.03, midpoint (H) only LT - eutrophication: marine only LT - marine eutrophication potential (MEP) only LT",eutrophication
"ReCiPe 2016 v1.03, midpoint (H) only LT - human toxicity: carcinogenic only LT - human toxicity potential (HTPc) only LT",human toxicity
"ReCiPe 2016 v1.03, midpoint (H) only LT - human toxicity: non-carcinogenic only LT - human toxicity potential (HTPnc) only LT",human toxicity
"ReCiPe 2016 v1.03, midpoint (H) only LT - ionising radiation only LT - ionising radiation potential (IRP) only LT",ionizing radiation
"ReCiPe 2016 v1.03, midpoint (H) only LT - land use only LT - agricultural land occupation (LOP) only LT",land use
"ReCiPe 2016 v1.03, midpoint (H) only LT - material resources: metals/minerals only LT - surplus ore potential (SOP) only LT",metal/mineral resources
"ReCiPe 2016 v1.03, midpoint (H) only LT - ozone depletion only LT - ozone depletion potential (ODPinfinite) only LT",ozone depletion
"ReCiPe 2016 v1.03, midpoint (H) only LT - particulate matter formation only LT - particulate matter formation potential (PMFP) only LT",particulate matter formation
"ReCiPe 2016 v1.03, midpoint (H) only LT - photochemical oxidant formation: human health only LT - photochemical oxidant formation potential: humans (HOFP) only LT",photochemical oxidant formation
"ReCiPe 2016 v1.03, midpoint (H) only LT - photochemical oxidant formation: terrestrial ecosystems only LT - photochemical oxidant formation potential: ecosystems (EOFP) only LT",photochemical oxidant formation
"ReCiPe 2016 v1.03, midpoint (H) only LT - water use only LT - water consumption potential (WCP) only LT",water use
"IPCC 2021 only LT - climate change only LT - GWP 100a, incl. H and bio CO2 only LT",climate change
"ReCiPe 2016 v1.03, endpoint (H) only LT - ecosystem quality only LT - acidification: terrestrial only LT",acidification
"ReCiPe 2016 v1.03, endpoint (H) only LT - ecosystem quality only LT - climate change: freshwater ecosystems only LT",climate change
"ReCiPe 2016 v1.03, endpoint (H) only LT - ecosystem quality only LT - climate change: terrestrial ecosystems only LT",climate change
"ReCiPe 2016 v1.03, endpoint (H) only LT - ecosystem quality only LT - ecotoxicity: freshwater only LT",ecotoxicity
"ReCiPe 2016 v1.03, endpoint (H) only LT - ecosystem quality only LT - ecotoxicity: marine only LT",ecotoxicity
"ReCiPe 2016 v1.03, endpoint (H) only LT - ecosystem quality only LT - ecotoxicity: terrestrial only LT",ecotoxicity
"ReCiPe 2016 v1.03, endpoint (H) only LT - ecosystem quality only LT - eutrophication: freshwater only LT",eutrophication
"ReCiPe 2016 v1.03, endpoint (H) only LT - ecosystem quality only LT - eutrophication: marine only LT",eutrophication
"ReCiPe 2016 v1.03, endpoint (H) only LT - ecosystem quality only LT - land use only LT",land use
"ReCiPe 2016 v1.03, endpoint (H) only LT - ecosystem quality only LT - photochemical oxidant formation: terrestrial ecosystems only LT",photochemical oxidant formation
"ReCiPe 2016 v1.03, endpoint (H) only LT - ecosystem quality only LT - water use: aquatic ecosystems only LT",water use
"ReCiPe 2016 v1.03, endpoint (H) only LT - ecosystem quality only LT - water use: terrestrial ecosystems only LT",water use
"ReCiPe 2016 v1.03, endpoint (H) only LT - human health only LT - climate change: human health only LT",climate change
"ReCiPe 2016 v1.03, endpoint (H) only LT - human health only LT - human toxicity: carcinogenic only LT",human toxicity
"ReCiPe 2016 v1.03, endpoint (H) only LT - human health only LT - human toxicity: non-carcinogenic only LT",human toxicity
"ReCiPe 2016 v1.03, endpoint (H) only LT - human health only LT - ionising radiation only LT",ionizing radiation
"ReCiPe 2016 v1.03, endpoint (H) only LT - human health only LT - ozone depletion only LT",ozone depletion
"ReCiPe 2016 v1.03, endpoint (H) only LT - human health only LT - particulate matter formation only LT",particulate matter formation
"ReCiPe 2016 v1.03, endpoint (H) only LT - human health only LT - photochemical oxidant formation: human health only LT",photochemical oxidant formation
"ReCiPe 2016 v1.03, endpoint (H) only LT - human health only LT - water use: human health only LT",water use
"ReCiPe 2016 v1.03, endpoint (H) only LT - natural resources only LT - energy resources: non-renewable, fossil only LT",fossil resources
"ReCiPe 2016 v1.03, endpoint (H) only LT - natural resources only LT - material resources: metals/minerals only LT",metal/mineral resources
"ReCiPe 2016 v1.03, endpoint (H) only LT - total: ecosystem quality only LT - ecosystem quality only LT","ReCiPe 2016 v1.03, endpoint (H) only LT - total: ecosystem quality only LT - ecosystem quality only LT"
"ReCiPe 2016 v1.03, endpoint (H) only LT - total: human health only LT - human health only LT","ReCiPe 2016 v1.03, endpoint (H) only LT - total: human health only LT - human health only LT"
"ReCiPe 2016 v1.03, endpoint (H) only LT - total: natural resources only LT - natural resources only LT","ReCiPe 2016 v1.03, endpoint (H) only LT - total: natural resources only LT - natural resources only LT"
"ReCiPe 2016 v1.03, midpoint (H) only LT - climate change only LT - global warming potential (GWP100) only LT",climate change
"ReCiPe 2016 v1.03, endpoint (H) only LT - ecosystem quality only LT - climate change: freshwater ecosystems only LT - incl. H and bio CO2 only LT",climate change
"ReCiPe 2016 v1.03, endpoint (H) only LT - ecosystem quality only LT - climate change: terrestrial ecosystems only LT - incl. H and bio CO2 only LT",climate change
"ReCiPe 2016 v1.03, endpoint (H) only LT - human health only LT - climate change: human health only LT - incl. H and bio CO2 only LT",climate change
"ReCiPe 2016 v1.03, endpoint (H) only LT - human health only LT - particulate matter formation only LT - with adapted intake fractions only LT",particulate matter formation
